id,stocked,weekend_only
cabernet-sauvignon,yes,
merlot,yes,
tempranillo,yes,
chardonnay,,
syrah,yes,
garnacha-tinta,yes,
sauvignon-blanc,,
pinot-noir,yes,
pinot-gris,yes,
riesling,yes,
cot,,
cabernet-franc,,
chenin-blanc,,
sangiovese,,
nebbiolo,,
barbera,,
muscat-blanc-a-petits-grains,,
viognier,,
gewurztraminer,yes,
semillon,,
tribidrag,,
carmenere,,
pinotage,,
gamay-noir,,
pinot-blanc,yes,
gruner-veltliner,yes,
mazuelo,yes,
cinsaut,yes,
montepulciano,,
prosecco,,
monastrell,,
alvarinho,,
macabeo,,
melon,,
aglianico,,
lambrusco-salamino,,
vermentino,,
verdejo,,
nero-d-avola,,
zweigelt,,
blaufrankisch,,
muller-thurgau,,
auxerrois,yes,yes
corvina-veronese,yes,
corvinone,yes,yes
croatina,yes,yes
garganega,yes,
garnacha-blanca,yes,
graciano,yes,yes
marsanne,yes,yes
rondinella,yes,yes
roussanne,yes,yes
silvaner,yes,yes
trousseau,yes,yes
verdicchio-bianco,yes,
agiorgitiko,,
airen,,
alicante-henri-bouschet,,
aligote,,
altesse,,yes
arneis,,yes
assyrtiko,,
baga,,
blauer-portugieser,,
bobal,,
brachetto-del-piemonte,,yes
braquet-noir,,yes
catarratto-bianco,,
chasselas,,
ciliegiolo,,yes
clairette,,
colombard,,
cortese,,
dolcetto,,
dona-branca,,
dornfelder,,
erbaluce,,yes
falanghina-flegrea,,
fiano,,
furmint,,
godello,,
grasevina,,
greco,,
grignolino,,yes
grillo,,
gros-manseng,,
harslevelu,,yes
inzolia,,
jacquere,,yes
lagrein,,yes
marselan,,
mauzac-blanc,,
mencia,,
molinara,,yes
mondeuse-noire,,yes
muscadelle,,
muscat-of-alexandria,,
muscat-ottonel,,
negrette,,yes
negroamaro,,
nerello-mascalese,,
nero-di-troia,,
palomino-fino,,
parellada,,
pedro-gimenez,,
pedro-ximenez,,
petit-manseng,,yes
petit-verdot,,
piedirosso,,yes
pineau-d-aunis,,yes
pinot-meunier,,
piquepoul-blanc,,
plavac-mali,,
poulsard,,yes
refosco,,yes
refosco-dal-peduncolo-rosso,,yes
ribolla-gialla,,
rkatsiteli,,
sagrantino,,yes
sankt-laurent,,
saperavi,,
sauvignonasse,,
savagnin-blanc,,
scheurebe,,
schiava-grossa,,
tannat,,
teroldego,,yes
timorasso,,yes
torrontes-riojano,,
touriga-franca,,
touriga-nacional,,
trebbiano-toscano,,
verdelho,,
vernaccia-di-san-gimignano,,yes
xarello,,
xinomavro,,
