prime,area_2016_ha,matched_area_pct,cool_pct,temperate_pct,warm_pct,hot_pct,avg_gst_c,climate_class,published_avg_gst_c
Cabernet Sauvignon,312209.9,98.6,0.2,14.2,57.1,28.5,18.52,warm,18.5
Merlot,266813.3,99.2,0.8,32.9,44.1,22.3,18.16,warm,18.2
Tempranillo,219412.8,99.9,0.0,25.1,18.7,56.1,18.65,warm,18.8
Airén,203800.6,100.0,0.0,0.0,0.0,100.0,19.6,hot,19.6
Chardonnay,202881.8,97.2,6.6,23.9,39.9,29.6,18.16,warm,18.2
other red,188497.2,100.0,0.2,7.0,77.2,15.5,18.2,warm,
Syrah,183811.2,96.4,0.3,3.5,47.6,48.7,19.34,hot,19.4
Garnacha Tinta,150519.0,100.0,0.0,5.8,35.8,58.4,19.09,hot,19.1
other white,149181.1,100.0,0.6,12.2,71.8,15.5,17.99,warm,
Sauvignon Blanc,125158.9,98.8,1.4,35.3,45.2,18.1,17.66,warm,17.7
Trebbiano Toscano,120344.4,99.9,0.0,61.3,8.0,30.8,17.85,warm,17.9
Pinot Noir,105884.7,98.4,27.7,37.0,28.5,6.8,16.4,temperate,16.4
Sangiovese,73474.9,99.9,0.0,0.3,11.8,87.9,19.52,hot,19.5
Bobal,59188.7,100.0,0.0,0.0,0.0,100.0,20.42,hot,20.4
Riesling,54491.8,99.2,25.2,44.8,26.4,3.7,16.08,temperate,16.2
Côt,52235.1,99.2,0.1,4.9,46.5,48.5,19.18,hot,19.2
Monastrell,52206.2,99.8,0.0,0.1,11.0,88.9,20.77,hot,20.8
Rkatsiteli,51374.0,100.0,0.0,50.2,48.0,1.8,17.1,warm,17.1
Cabernet Franc,49449.7,99.9,0.6,60.6,23.1,15.7,17.28,warm,17.5
Pinot Gris,48932.3,97.1,9.2,31.4,26.0,33.4,17.78,warm,17.8
Mazuelo,47630.0,100.0,0.0,1.0,57.8,41.2,19.35,hot,19.4
Macabeo,38624.5,100.0,0.0,5.4,10.0,84.6,19.68,hot,19.8
Cayetana Blanca,36455.7,100.0,0.0,0.0,0.3,99.7,20.63,hot,20.7
Alicante Henri Bouschet,36012.1,100.0,0.0,1.7,41.1,57.3,19.05,hot,19.1
Muscat of Alexandria,34954.5,96.0,0.0,11.7,21.4,66.9,20.2,hot,20.3
Muscat Blanc à Petits Grains,33793.6,99.8,1.4,8.9,63.7,26.0,18.56,warm,18.6
Tribidrag,33628.9,100.0,0.0,3.3,14.6,82.1,20.29,hot,20.3
Montepulciano,32901.2,99.9,0.0,0.0,16.6,83.3,19.54,hot,19.5
Chenin Blanc,32260.7,99.7,0.0,28.2,4.5,67.3,19.65,hot,19.7
Graševina,30082.6,100.0,1.2,32.8,61.4,4.6,17.37,warm,17.3
Colombard,29965.1,98.2,0.0,6.3,22.6,71.2,20.81,hot,20.8
Cereza,28886.6,93.4,0.0,0.0,4.5,95.5,21.54,hot,21.6
Catarratto Bianco,28613.2,100.0,0.0,0.0,0.1,99.9,21.5,hot,21.5
Aligoté,26929.1,100.0,0.0,7.6,92.3,0.1,17.2,warm,17.2
Gamay Noir,26215.0,100.0,2.8,27.3,69.5,0.4,16.76,temperate,16.8
Palomino Fino,23177.2,99.9,0.0,9.5,19.5,70.9,20.28,hot,20.3
Cinsaut,22916.0,100.0,0.0,3.5,41.8,54.7,19.42,hot,19.4
Carmenère,22469.9,100.0,0.0,0.9,92.5,6.6,18.16,warm,18.2
Prosecco,20139.0,99.7,0.0,0.0,2.7,97.3,19.27,hot,19.3
Douce Noire,19732.7,97.8,0.0,0.0,16.9,83.1,20.76,hot,20.8
Müller-Thurgau,19500.7,99.9,37.6,59.3,1.9,1.3,15.35,temperate,15.4
Grüner Veltliner,19124.8,100.0,10.9,87.2,1.7,0.3,15.6,temperate,15.6
Trebbiano Romagnolo,19059.5,100.0,0.0,0.0,0.1,99.9,19.4,hot,19.4
Sémillon,18734.7,94.7,0.2,57.5,20.4,21.9,18.04,warm,18.2
Verdejo,17924.7,100.0,0.0,64.3,0.3,35.4,17.65,warm,17.7
Barbera,17808.8,99.9,0.0,0.2,69.1,30.7,18.94,warm,18.9
Isabella,17797.5,100.0,0.0,0.0,33.9,66.1,18.79,warm,18.8
Blaufränkisch,17179.6,100.0,9.9,65.8,22.6,1.6,16.37,temperate,16.4
Viognier,16121.8,99.1,0.7,2.8,62.8,33.7,18.89,warm,18.9
Criolla Grande,15595.6,99.1,0.0,0.0,9.0,91.0,20.84,hot,20.8
Pedro Giménez,15576.1,95.9,0.0,0.0,35.4,64.6,20.11,hot,20.2
Pinot Meunier,14640.2,100.0,96.1,2.0,1.7,0.2,14.67,cool,14.7
Nero d'Avola,14257.8,99.9,0.0,0.5,0.2,99.3,21.45,hot,21.5
Touriga Franca,14223.8,100.0,0.0,0.0,62.6,37.4,18.3,warm,18.3
Pinot Blanc,13773.8,99.8,24.8,50.0,16.4,8.8,16.07,temperate,16.1
Fetească Albă,13382.0,100.0,0.0,0.0,100.0,0.0,17.66,warm,17.7
Gewürztraminer,13354.9,99.6,9.4,46.2,33.6,10.8,16.77,temperate,16.6
Fetească Regală,12990.7,100.0,0.0,0.0,100.0,0.0,17.69,warm,17.7
Castelão,12580.0,100.0,0.0,0.0,3.7,96.3,19.72,hot,19.7
Muscat Ottonel,12464.1,100.0,0.2,14.9,84.8,0.1,17.5,warm,17.5
Moldova,12374.5,100.0,0.0,0.0,100.0,0.0,17.2,warm,17.2
Fernão Pires,12211.0,100.0,0.0,0.0,17.2,82.8,19.41,hot,19.4
Touriga Nacional,11683.3,100.0,0.0,0.0,49.6,50.4,18.63,warm,18.6
Vermentino,11449.2,99.8,0.0,0.1,22.3,77.6,19.62,hot,19.6
Negroamaro,11430.7,100.0,0.0,0.0,0.2,99.8,20.69,hot,20.7
Mencía,11050.6,100.0,0.0,47.3,29.6,23.1,17.5,warm,17.5
Concord,10543.6,100.0,2.5,75.6,5.1,16.8,16.13,temperate,16.1
Trincadeira,10508.7,100.0,0.0,0.0,30.9,69.1,19.06,hot,19.1
Savatiano,10267.7,100.0,0.0,0.0,0.0,100.0,22.38,hot,22.4
Listán Prieto,10267.5,99.6,0.0,37.3,57.6,5.1,17.54,warm,17.6
Pamid,9961.4,100.0,0.0,3.0,96.7,0.2,18.06,warm,18.1
Bianca,9765.6,100.0,0.0,48.9,51.1,0.0,17.35,warm,17.3
Aglianico,9709.5,99.5,0.0,0.0,26.7,73.3,19.02,hot,19.1
Dimyat,9695.7,100.0,0.0,67.5,32.4,0.1,17.13,warm,17.1
Malvasia Bianca di Candia,9685.1,100.0,0.0,0.6,6.4,93.0,19.96,hot,20.0
Melon,9550.7,100.0,0.0,100.0,0.0,0.0,15.9,temperate,15.9
Vranac,9502.8,100.0,0.0,100.0,0.0,0.0,16.7,temperate,16.7
Zweigelt,9067.4,100.0,7.6,86.9,5.5,0.1,15.78,temperate,15.8
Torrontés Riojano,8859.5,98.5,0.0,0.8,12.1,87.0,20.74,hot,20.8
Pedro Ximénez,8794.8,100.0,0.0,0.2,0.1,99.8,21.32,hot,21.3
other grey,8638.9,100.0,0.0,0.0,36.0,64.0,19.13,hot,
Garganega,8552.5,100.0,0.0,0.0,0.8,99.2,20.27,hot,20.3
Xarello,8534.0,100.0,0.0,0.0,0.0,100.0,20.01,hot,20.0
Roditis,8463.5,100.0,0.0,0.0,0.2,99.8,21.03,hot,21.0
Alvarinho,8405.5,100.0,0.0,0.4,93.8,5.8,17.42,warm,17.2
Muscat Blanc à Petits Grains (G),8257.8,99.9,0.0,0.0,37.2,62.8,19.91,hot,19.9
Petit Verdot,8152.7,97.2,0.4,9.0,27.1,63.5,19.43,hot,19.5
Nebbiolo,7995.7,99.8,0.6,0.5,77.1,21.8,18.44,warm,18.4
Tsolikouri,7903.3,100.0,0.0,100.0,0.0,0.0,16.6,temperate,16.6
Dornfelder,7870.9,99.8,17.4,82.1,0.1,0.4,15.21,temperate,15.2
Muscat of Hamburg,7645.5,99.9,1.1,8.5,15.4,75.0,19.2,hot,19.2
Garnacha Blanca,7409.0,100.0,0.0,0.8,54.3,44.9,19.19,hot,19.2
Grillo,7381.5,100.0,0.0,0.0,0.0,100.0,21.5,hot,21.5
Chasselas,7377.2,99.0,30.5,56.7,11.6,1.2,15.75,temperate,15.7
Parellada,7137.3,100.0,0.0,0.0,0.0,100.0,20.0,hot,20.0
Pinotage,7130.5,100.0,0.1,0.4,1.0,98.5,20.8,hot,20.8
Síria,7036.8,100.0,0.0,1.0,35.7,63.3,18.92,warm,18.9
Baga,6750.0,100.0,0.0,0.0,11.6,88.4,19.52,hot,19.5
Bordô ,6743.6,100.0,0.0,0.0,0.0,100.0,19.6,hot,
Blauer Portugieser,6590.4,100.0,7.1,78.2,14.1,0.6,15.71,temperate,15.7
Saperavi,6467.9,100.0,0.0,73.5,24.2,2.4,16.97,temperate,17.0
Corvina Veronese,6239.9,100.0,0.0,0.0,0.3,99.6,19.3,hot,19.3
Lambrusco Salamino,6227.6,100.0,0.0,0.0,3.2,96.8,19.37,hot,19.4
Silvaner,6066.0,99.8,34.9,64.6,0.3,0.2,15.16,temperate,15.2
Bonarda Piemontese,5926.4,100.0,0.0,0.0,68.3,31.7,18.7,warm,18.7
Sultaniye,5855.9,99.6,0.0,0.3,0.0,99.7,23.86,hot,24.1
Lambrusco Maestri,5657.2,99.8,0.0,0.0,2.7,97.3,20.55,hot,20.5
Tannat,5581.4,99.0,0.0,14.2,32.8,52.9,19.0,hot,19.0
Arinto de Bucelas,5409.0,100.0,0.0,0.0,46.2,53.8,18.68,warm,18.7
Tinto Velasco,5369.1,100.0,0.0,0.0,0.0,100.0,19.6,hot,19.6
Ruby Cabernet,5294.1,97.9,0.0,0.0,0.1,99.9,21.9,hot,21.9
Caladoc,5257.8,100.0,0.0,0.0,40.7,59.3,19.32,hot,19.3
Italia,5187.5,100.0,0.0,1.2,2.7,96.0,20.68,hot,20.7
Chelva,5029.4,100.0,0.0,2.8,0.0,97.2,20.47,hot,20.5
Tinta Barroca,4925.3,100.0,0.0,0.0,76.2,23.8,18.02,warm,18.0
Rubired,4849.5,100.0,0.0,0.0,0.0,100.0,22.82,hot,22.8
Durif,4832.9,99.4,0.0,3.1,37.8,59.1,19.5,hot,19.5
Yan 73,4800.0,100.0,0.0,0.0,100.0,0.0,18.1,warm,18.1
Inzolia,4740.1,100.0,0.0,0.0,0.2,99.8,21.41,hot,21.4
Loureiro,4696.2,100.0,0.0,0.0,91.7,8.3,17.59,warm,17.6
Marufo,4683.5,100.0,0.0,0.0,48.2,51.8,18.6,warm,18.6
Verdicchio Bianco,4681.6,100.0,0.0,0.0,91.3,8.7,18.83,warm,18.8
Gaglioppo,4625.7,100.0,0.0,0.0,25.2,74.8,20.25,hot,20.3
Dolcetto,4541.5,99.3,0.0,0.2,96.8,2.9,18.16,warm,
Vinhao,4467.2,100.0,0.0,0.1,77.5,22.5,17.95,warm,
Furmint,4434.7,100.0,0.0,99.5,0.5,0.0,15.76,temperate,
Alarije,4406.6,100.0,0.0,39.7,0.0,60.3,19.13,hot,
Misket Cherven,4349.4,100.0,0.0,0.0,100.0,0.0,18.45,warm,
Cserszegi Fűszeres,4299.5,100.0,0.0,86.5,13.5,0.0,16.9,temperate,
Prieto Picudo,4293.1,100.0,0.0,98.7,0.0,1.3,16.56,temperate,
Aspiran Bouschet,4088.0,96.1,0.0,0.0,3.8,96.2,21.15,hot,
Zalema,4014.8,100.0,0.0,0.0,0.0,100.0,21.5,hot,
Marselan,3940.5,100.0,0.0,0.0,83.1,16.8,18.84,warm,
Sauvignonasse,3860.2,100.0,0.0,0.1,66.5,33.3,18.75,warm,
Torrontés Sanjuanino,3656.3,92.4,0.0,0.4,53.5,46.1,19.88,hot,
Tsitska,3641.9,100.0,0.0,100.0,0.0,0.0,16.6,temperate,
Falanghina Flegrea,3634.0,100.0,0.0,0.0,2.6,97.4,19.57,hot,
Pardillo,3283.2,100.0,0.0,0.0,0.0,100.0,19.6,hot,
Malvasia Fina,3281.9,100.0,0.0,0.0,64.0,36.0,18.33,warm,
Agiorgitiko,3272.5,100.0,0.0,0.0,0.0,100.0,20.35,hot,
Sankt Laurent,3272.2,99.8,4.9,95.1,0.0,0.0,15.5,temperate,
Niagara,3264.5,100.0,1.0,44.8,9.8,44.5,17.55,warm,
Fetească Neagră,3247.9,100.0,0.0,0.0,100.0,0.0,17.64,warm,
Mavro,3187.0,100.0,0.0,0.0,0.0,100.0,21.2,hot,
other,3149.7,74.6,0.0,4.1,52.1,43.7,19.42,hot,
Gros Manseng,3059.3,100.0,0.0,27.5,72.4,0.0,17.26,warm,
Negramoll,3007.0,100.0,0.0,21.7,0.1,78.1,19.49,hot,
Kerner,2891.2,99.7,35.0,64.6,0.1,0.2,15.03,temperate,
Graciano,2879.5,100.0,0.0,17.7,23.0,59.2,18.79,warm,
Auxerrois,2852.7,100.0,13.2,86.8,0.0,0.0,15.44,temperate,
Listan Negro,2847.5,100.0,0.0,0.0,0.0,100.0,22.1,hot,
Malvazija Istarska,2787.6,100.0,0.0,1.5,74.1,24.4,18.66,warm,
Kyoho (4N),2762.1,100.0,0.0,0.0,1.5,98.5,19.68,hot,
Pervenets Magaracha,2755.4,100.0,0.0,0.0,100.0,0.0,17.93,warm,
Ancellotta,2739.2,98.5,1.0,0.0,5.9,93.0,19.87,hot,
Seyval Blanc,2699.0,100.0,5.2,90.1,1.4,3.3,15.73,temperate,
Băbească Neagră,2696.0,100.0,0.0,0.0,100.0,0.0,17.7,warm,
Croatina,2694.6,100.0,0.0,0.0,37.5,62.5,18.99,warm,
Rondinella,2683.4,100.0,0.0,0.0,0.8,99.2,19.29,hot,
Liatiko,2633.4,100.0,0.0,0.0,0.0,100.0,22.59,hot,
Trebbiano d'Abruzzo,2630.0,100.0,0.0,0.0,2.8,97.2,19.34,hot,
Beba,2555.7,100.0,0.0,0.0,0.0,100.0,20.7,hot,
Nero di Troia,2512.3,100.0,0.0,0.0,0.1,99.9,20.69,hot,
Odessky Cherny,2508.0,100.0,0.0,0.1,99.9,0.0,17.1,warm,
Trajadura,2492.4,100.0,0.0,0.0,98.7,1.3,17.36,warm,
Clairette,2419.8,100.0,0.0,0.1,46.1,53.8,19.07,hot,
Cortese,2405.0,100.0,0.0,0.0,92.1,7.9,18.21,warm,
Merseguera,2372.6,100.0,0.0,0.0,0.0,100.0,21.49,hot,
Trebbiano Giallo,2274.8,100.0,0.0,0.1,4.5,95.4,20.06,hot,
Schiava Grossa,2255.3,100.0,97.1,1.4,0.1,1.4,14.6,cool,
Malvasia,2184.0,100.0,0.0,0.6,19.3,80.2,20.5,hot,
Fiano,2166.8,97.5,0.0,0.0,3.3,96.7,20.16,hot,
Couderc Noir,2136.3,100.0,0.0,0.0,5.2,94.7,19.48,hot,
Xinomavro,2134.5,100.0,0.0,0.0,59.8,40.2,18.7,warm,
Roussanne,2119.7,100.0,0.5,1.8,75.5,22.2,18.74,warm,
Greco Bianco,2050.4,100.0,0.0,0.0,3.1,96.9,19.89,hot,
Regent,1979.6,99.3,34.2,65.5,0.3,0.0,15.08,temperate,
Rabigato,1969.0,100.0,0.0,0.0,88.0,12.0,17.69,warm,
Grolleau Noir,1949.0,100.0,0.0,100.0,0.0,0.0,15.91,temperate,
Xynisteri,1946.0,100.0,0.0,0.0,0.0,100.0,21.2,hot,
Vidal,1936.5,100.0,3.1,5.3,83.1,8.4,17.95,warm,
Malvasia Preta,1933.0,100.0,0.0,0.0,50.9,49.1,18.58,warm,
Rufete,1858.5,100.0,0.0,37.9,61.3,0.8,17.08,warm,
Marsanne,1833.7,99.8,2.8,1.4,74.1,21.8,18.39,warm,
Grechetto di Orvieto,1823.6,100.0,0.0,0.0,91.0,9.0,18.78,warm,
Muscat Bailey A,1821.4,100.0,0.0,0.0,9.4,90.6,19.46,hot,
Nerello Mascalese,1805.0,100.0,0.0,0.0,0.0,100.0,21.46,hot,
Irsai Olivér,1790.1,100.0,0.4,77.5,19.4,2.7,16.93,temperate,
Assyrtiko,1770.0,100.0,0.0,0.0,0.0,100.0,21.77,hot,
Antao Vaz,1768.0,100.0,0.0,0.0,0.2,99.8,19.82,hot,
Bacchus,1758.7,100.0,63.8,36.2,0.0,0.0,14.73,cool,
Pecorino,1742.0,100.0,0.0,6.2,36.4,57.4,18.93,warm,
Plavac Mali,1714.0,100.0,0.0,2.9,97.1,0.0,18.45,warm,
Brachetto del Piemonte,1691.9,100.0,0.0,0.0,53.6,46.4,18.7,warm,
Fer,1684.6,100.0,0.0,2.8,95.1,2.0,17.56,warm,
Aletta,1676.1,100.0,0.0,96.7,3.3,0.0,16.91,temperate,
Cococciola,1670.7,100.0,0.0,0.0,0.0,100.0,20.49,hot,
Cardinal,1660.2,100.0,0.0,1.5,43.8,54.6,19.23,hot,
Mavrouda,1658.5,100.0,0.0,0.0,1.2,98.8,20.88,hot,
Kadarka,1625.1,100.0,0.0,12.2,87.8,0.0,18.17,warm,
Scheurebe,1624.7,99.9,22.5,77.5,0.0,0.0,15.26,temperate,
Damaschino,1621.5,99.9,0.0,0.0,8.5,91.4,20.2,hot,
Hárslevelű,1617.3,100.0,0.0,95.0,4.1,0.9,16.12,temperate,
Öküzgözü,1601.3,100.0,0.0,0.0,0.9,99.1,20.83,hot,
Beibinghong,1600.0,100.0,0.0,0.0,100.0,0.0,18.1,warm,
Folle Blanche,1574.4,100.0,0.0,93.8,6.0,0.2,16.06,temperate,
Piquepoul Blanc,1564.2,100.0,0.0,0.0,99.2,0.8,18.9,warm,
Verdelho,1563.6,79.5,0.0,0.8,16.2,82.9,20.34,hot,
Juan García,1544.7,100.0,0.0,83.4,14.1,2.5,16.69,temperate,
Moscato Giallo,1539.9,100.0,4.6,6.4,36.7,52.3,18.79,warm,
Muscadelle,1530.4,99.9,0.0,77.8,16.2,6.0,17.22,warm,
Savagnin Blanc,1528.9,97.3,10.9,64.5,22.9,1.7,16.22,temperate,
Mauzac Blanc,1525.8,100.0,0.0,0.0,100.0,0.0,18.26,warm,
Garnacha Roja (Gris),1462.5,100.0,0.0,1.5,84.5,14.1,19.14,hot,
Prosecco Lungo,1450.2,100.0,0.0,0.0,44.9,55.1,18.94,warm,
Azal,1442.8,100.0,0.0,0.0,77.5,22.5,17.94,warm,
Jacquez,1441.7,100.0,0.0,0.0,0.0,100.0,20.35,hot,
Boğazkere,1436.4,100.0,0.0,0.0,3.4,96.6,22.15,hot,
Muscat Blanc à Petits Grains (R),1432.2,95.4,0.1,9.3,12.7,77.9,19.76,hot,
Godello,1405.7,100.0,0.0,7.2,88.2,4.6,17.34,warm,
Prokupac,1361.0,98.3,0.0,36.6,63.4,0.0,17.05,warm,
Refosco,1341.0,100.0,0.0,32.5,6.0,61.5,18.5,warm,
Kotsifali,1338.0,100.0,0.0,0.0,0.0,100.0,22.6,hot,
Biancame,1336.0,100.0,0.1,0.6,73.6,25.7,19.12,hot,
Petit Manseng,1299.5,100.0,0.0,64.7,32.4,2.9,17.17,warm,
Refosco dal Peduncolo Rosso,1272.0,100.0,0.0,0.0,61.4,38.6,18.81,warm,
Malvasia Nera di Brindisi,1263.7,100.0,0.0,8.0,19.0,73.0,19.52,hot,
Trousseau,1262.4,100.0,0.0,3.6,75.3,21.1,17.83,warm,
Zalagyöngye,1258.6,100.0,0.0,82.8,17.2,0.0,17.05,warm,
Malvasia Bianca Lunga,1247.4,100.0,0.0,0.1,19.9,80.0,19.22,hot,
Chinuri,1225.1,100.0,0.0,100.0,0.0,0.0,16.6,temperate,
Blauburger,1223.1,100.0,2.8,94.8,2.5,0.0,15.97,temperate,
Alfrocheiro,1215.9,100.0,0.0,0.2,1.2,98.6,19.78,hot,
Malvasia di Candia Aromatica,1208.4,100.0,0.0,0.1,8.6,91.3,19.42,hot,
Shiroka Melnishka,1204.8,100.0,0.0,0.0,100.0,0.0,18.5,warm,
Monica Nera,1203.0,100.0,0.0,0.6,0.0,99.4,20.36,hot,
Trepat,1198.8,100.0,0.0,0.0,0.0,100.0,20.16,hot,
Mavrud,1193.4,100.0,0.0,0.0,100.0,0.0,18.69,warm,
Aramon Noir,1181.1,100.0,0.0,0.0,94.4,5.6,18.6,warm,
Pignoletto,1174.1,100.0,0.0,0.0,9.7,90.3,19.33,hot,
Arneis,1167.1,99.8,0.0,3.6,95.4,1.0,18.06,warm,
Albillo Mayor,1152.5,100.0,0.0,59.9,1.0,39.0,17.75,warm,
Bombino Bianco,1147.2,100.0,0.1,0.0,2.4,97.5,20.42,hot,
Kodryanka,1143.3,100.0,0.0,0.0,100.0,0.0,17.2,warm,
Corvinone,1140.5,100.0,0.0,0.0,0.0,100.0,19.3,hot,
Romeiko,1131.0,100.0,0.0,0.0,0.0,100.0,22.6,hot,
Tinta Carvalha,1113.0,100.0,0.0,0.0,68.6,31.4,18.15,warm,
Négrette,1111.6,100.0,0.0,3.4,96.6,0.0,17.35,warm,
Diagalves,1090.0,100.0,0.0,0.0,37.6,62.4,18.91,warm,
Moschofilero,1087.6,100.0,0.0,0.0,0.0,100.0,20.43,hot,
Sauvignon Blanc (G),1078.9,99.7,0.0,78.2,20.0,1.8,16.85,temperate,
Bical,1076.0,100.0,0.0,0.0,4.6,95.4,19.69,hot,
Lambrusco Marani,1074.2,100.0,0.0,0.0,3.2,96.8,19.39,hot,
Canaiolo Nero,1031.1,100.0,0.0,0.0,5.6,94.4,19.1,hot,
Nuragus,1008.3,100.0,0.0,0.0,0.0,100.0,20.4,hot,
Sagrantino,1004.3,100.0,0.0,0.0,96.4,3.6,18.74,warm,
Longyan,1000.0,100.0,0.0,0.0,100.0,0.0,18.1,warm,
Kunleány,974.4,100.0,0.0,94.1,5.9,0.0,16.92,temperate,
Elbling,971.6,100.0,59.3,0.0,0.0,40.7,17.59,warm,
Ribolla Gialla,959.3,100.0,0.0,0.0,96.1,3.9,18.1,warm,
Lambrusco Grasparossa,954.2,100.0,0.0,0.1,1.5,98.5,19.43,hot,
Passerina,932.5,100.0,0.0,0.0,69.5,30.5,19.06,hot,
Mandilaria,932.0,100.0,0.0,0.0,0.0,100.0,22.17,hot,
Chambourcin,926.3,100.0,0.3,63.8,12.9,23.1,17.08,warm,
Viosinho,916.0,100.0,0.0,0.0,62.4,37.6,18.3,warm,
Verdeca,912.5,100.0,0.0,0.0,0.7,99.3,20.65,hot,
Mammolo,911.3,100.0,0.0,0.0,97.1,2.9,17.84,warm,
Grignolino,911.2,100.0,0.0,16.7,79.8,3.5,17.78,warm,
Garnacha Peluda,897.8,100.0,0.0,0.2,43.6,56.3,19.33,hot,
Ciliegiolo,896.5,100.0,0.0,0.1,24.8,75.1,19.3,hot,
Levokumskij,890.0,100.0,0.0,0.0,100.0,0.0,18.07,warm,
Planta Nova,887.9,100.0,0.0,0.0,2.1,97.9,21.36,hot,
Vernaccia di San Gimignano,884.1,100.0,0.0,0.0,0.5,99.4,19.11,hot,
Magaracha Rannii,884.1,100.0,0.0,0.0,100.0,0.0,17.2,warm,
Terret,872.0,100.0,0.0,0.0,100.0,0.0,18.9,warm,
Bombino Nero,865.3,100.0,0.0,0.0,0.6,99.4,20.68,hot,
Lambrusco di Sorbara,857.6,100.0,0.0,0.0,0.8,99.2,19.41,hot,
Roditis (R),828.0,100.0,0.0,0.0,0.3,99.7,20.81,hot,
Žametovka,821.8,100.0,0.0,22.9,77.1,0.0,17.59,warm,
Çalkarası,805.8,100.0,0.0,0.0,0.0,100.0,22.9,hot,
Narince,786.8,100.0,0.0,0.0,0.3,99.7,20.23,hot,
Duras,785.0,100.0,0.0,0.0,100.0,0.0,17.4,warm,
Marzemino,784.9,100.0,0.0,45.0,6.5,48.5,17.69,warm,
Gibi,784.5,94.6,0.0,0.0,1.3,98.7,21.31,hot,
Királyleányka,783.5,100.0,0.0,81.3,18.7,0.0,16.75,temperate,
Albana,782.1,100.0,0.0,0.0,1.6,98.4,19.4,hot,
Alb de Suruceni,780.4,100.0,0.0,0.0,100.0,0.0,17.2,warm,
Villard Noir,777.2,100.0,0.0,30.2,65.4,4.4,17.22,warm,
Teroldego,771.2,100.0,0.5,83.7,1.1,14.8,16.38,temperate,
Perruno,744.5,100.0,0.0,0.0,0.0,100.0,20.84,hot,
Muscat,744.0,99.9,1.7,5.4,2.1,90.7,19.33,hot,
Villard Blanc,742.7,100.0,0.0,27.9,23.5,48.6,20.3,hot,
Rojal Tinta,736.1,100.0,0.0,0.0,0.0,100.0,19.83,hot,
Baco Noir,735.3,100.0,3.2,96.4,0.0,0.3,15.66,temperate,
Santarena,724.2,100.0,0.0,0.0,0.1,99.9,19.8,hot,
Leányka,718.6,100.0,0.0,96.6,3.4,0.0,16.57,temperate,
Ortrugo,709.3,100.0,0.0,0.0,0.3,99.7,19.4,hot,
Grand Noir,706.5,100.0,0.0,0.0,79.6,20.4,17.75,warm,
Kalecik Karası,704.5,100.0,0.0,0.0,22.2,77.8,21.72,hot,
Dimrit,704.5,100.0,0.0,0.0,82.4,17.6,18.54,warm,
Schiava Lombarda,701.1,100.0,99.4,0.0,0.6,0.0,14.62,cool,
Avesso,699.1,100.0,0.0,0.0,100.0,0.0,17.4,warm,
Koshu,690.3,100.0,0.0,0.0,14.4,85.6,18.95,warm,
Verduzzo Friulano,689.0,100.0,0.0,0.0,57.2,42.8,18.84,warm,
Muscat Yantarnyi,683.5,100.0,0.0,0.0,100.0,0.0,17.2,warm,
Plavina,683.0,100.0,0.0,0.0,100.0,0.0,18.5,warm,
Moscato Embrapa,682.8,100.0,0.0,0.0,0.0,100.0,19.6,hot,
Malvasia del Lazio,679.8,100.0,0.0,0.0,0.7,99.3,19.7,hot,
Magliocco Canino,679.0,100.0,0.0,0.0,0.4,99.6,20.88,hot,
Raboso Piave,664.8,99.7,0.0,0.1,0.4,99.6,19.38,hot,
Zenit,660.4,100.0,0.0,90.1,9.9,0.0,16.65,temperate,
Vital,659.0,100.0,0.0,0.0,22.0,78.0,19.27,hot,
Kövidinka,658.4,100.0,0.0,97.6,2.4,0.0,16.92,temperate,
Torrontes Mendocino,652.5,90.1,0.0,0.8,7.1,92.1,21.38,hot,
Vilana,650.0,100.0,0.0,0.0,0.0,100.0,22.54,hot,
Symphony,646.7,100.0,0.0,0.0,0.2,99.8,22.08,hot,
Bayanshira,645.1,100.0,0.0,0.0,9.9,90.1,20.76,hot,
Violeta,635.9,100.0,0.0,0.0,0.0,100.0,19.6,hot,
Ezerjó,635.5,100.0,0.0,100.0,0.0,0.0,16.73,temperate,
Alphonse Lavallée,633.9,100.0,0.0,3.7,23.4,72.9,18.99,warm,
Grasă de Cotnari,632.2,100.0,0.0,7.7,90.3,2.0,17.64,warm,
Catawba,625.8,100.0,6.5,81.7,4.5,7.3,15.86,temperate,
Hondarribi Zuri,624.3,100.0,0.0,99.6,0.4,0.0,15.81,temperate,
Jacquere,621.2,100.0,0.0,0.0,100.0,0.0,17.2,warm,
Victoria,620.3,100.0,0.0,0.0,100.0,0.0,17.25,warm,
Béquignol Noir,615.9,96.4,0.0,0.0,2.9,97.1,21.15,hot,
Molinara,608.6,100.0,0.0,1.4,0.5,98.1,19.27,hot,
Jurançon Noir,605.2,100.0,0.0,6.7,92.4,1.0,17.42,warm,
Len de l'El,603.0,100.0,0.0,0.0,100.0,0.0,17.4,warm,
Albillo Real,600.8,100.0,0.0,100.0,0.0,0.0,16.5,temperate,
Piedirosso,592.6,100.0,0.0,0.1,0.6,99.3,19.5,hot,
Arany Sárfehér,586.2,100.0,0.0,99.8,0.2,0.0,16.9,temperate,
Gouveio Real,581.1,100.0,0.0,0.0,97.9,2.1,17.45,warm,
Frappato,579.8,100.0,0.0,0.0,0.0,100.0,21.48,hot,
Neuburger,578.4,100.0,12.6,75.1,12.3,0.0,15.78,temperate,
Athiri,577.3,100.0,0.0,0.0,0.0,100.0,21.67,hot,
Cora,570.2,100.0,0.0,0.0,0.0,100.0,19.6,hot,
Riton,568.2,100.0,0.0,0.0,100.0,0.0,17.51,warm,
Montonico Bianco,567.3,100.0,0.0,0.0,4.5,95.5,19.42,hot,
Rabo de Ovelha,563.3,100.0,0.0,0.0,3.4,96.6,19.72,hot,
Krasnostop Zolotovsky,562.0,100.0,0.0,0.0,100.0,0.0,18.12,warm,
Viorika,557.7,100.0,0.0,0.0,100.0,0.0,17.75,warm,
Chasan,549.5,100.0,0.0,12.5,77.1,10.4,18.54,warm,
Uva Longanesi,538.6,100.0,0.0,0.0,0.0,100.0,19.4,hot,
Aubun,537.5,100.0,0.0,0.0,47.7,52.3,19.07,hot,
Forcallat Tinta,535.4,100.0,0.0,0.0,0.0,100.0,21.02,hot,
Ortega,534.5,99.6,17.7,82.3,0.0,0.0,15.17,temperate,
Verduzzo Trevigiano,531.0,100.0,0.0,0.0,3.1,96.9,19.28,hot,
Baco Blanc,527.5,100.0,0.0,33.5,66.5,0.0,17.23,warm,
Freisa,519.4,100.0,0.2,0.0,97.3,2.5,18.15,warm,
Borraçal,512.4,100.0,0.0,0.0,99.8,0.2,17.27,warm,
Carrega Branco,511.8,100.0,0.0,0.0,99.1,0.9,17.42,warm,
Cornifesto,509.0,100.0,0.0,0.0,97.3,2.7,17.47,warm,
Župljanka,505.4,100.0,0.0,50.1,49.9,0.0,17.16,warm,
Bourboulenc,501.4,100.0,0.0,0.0,65.8,34.2,18.97,warm,
Sheridan,500.0,100.0,0.0,0.0,0.0,100.0,19.7,hot,
Lorena,500.0,100.0,0.0,0.0,0.0,100.0,19.6,hot,
Onitskanskii Belyi,489.7,100.0,0.0,0.0,100.0,0.0,17.33,warm,
Arinarnoa,486.1,100.0,0.3,60.9,27.4,11.3,17.04,warm,
Dunavski Lazur,483.0,100.0,0.0,0.0,100.0,0.0,18.2,warm,
Seibel,482.5,100.0,0.2,0.1,0.7,99.0,19.56,hot,
Durella,480.1,100.0,0.0,0.0,0.4,99.6,19.3,hot,
Acolon,477.0,99.8,64.9,35.1,0.0,0.0,14.78,cool,
Couderc 13,474.1,100.0,0.0,0.0,0.0,100.0,19.6,hot,
Seara Nova,471.0,100.0,0.0,0.0,0.0,100.0,19.79,hot,
Fortana,469.4,100.0,0.0,0.0,2.7,97.3,19.41,hot,
Niagara Red,468.5,100.0,0.0,0.0,0.0,100.0,19.6,hot,
Listain de Huelva,466.1,100.0,0.0,0.0,0.0,100.0,19.87,hot,
Huxelrebe,465.7,100.0,4.9,95.1,0.0,0.0,15.38,temperate,
Codega de Larinho,455.0,100.0,0.0,0.0,99.6,0.4,17.41,warm,
Chenanson,451.0,100.0,0.0,0.0,98.3,1.7,18.91,warm,
Tsimlyansky Cherny,451.0,100.0,0.0,0.0,100.0,0.0,17.94,warm,
Crimposie,450.0,100.0,0.0,0.0,100.0,0.0,17.7,warm,
Cesanese,445.9,100.0,0.0,0.0,0.7,99.3,19.69,hot,
Gamaret,441.3,99.3,35.6,61.0,1.4,1.9,15.0,cool,
Morio-Muskat,440.0,100.0,2.7,79.6,0.0,17.7,16.45,temperate,
Greco Nero,436.8,83.1,0.0,0.1,0.7,99.2,22.12,hot,
Blauer Wildbacher,436.7,100.0,13.2,86.2,0.0,0.7,15.26,temperate,
Tibouren,432.1,100.0,0.0,0.0,0.0,100.0,19.3,hot,
Nouvelle,428.1,100.0,0.0,0.0,1.0,99.0,21.0,hot,
Delaware,420.5,100.0,2.8,18.0,36.4,42.8,18.22,warm,
Plantet,420.4,100.0,0.1,86.1,13.8,0.0,16.13,temperate,
Counoise,417.6,100.0,0.0,0.6,44.0,55.4,18.99,warm,
Galbenă de Odobești,417.0,100.0,0.0,0.0,100.0,0.0,17.7,warm,
Pineau d'Aunis,413.4,100.0,0.0,100.0,0.0,0.0,15.78,temperate,
Triplett Blanc,411.6,100.0,0.0,0.0,0.0,100.0,22.82,hot,
Sukholimansky Bely,405.3,100.0,0.0,0.0,100.0,0.0,17.4,warm,
Stanušina Crna,400.0,100.0,0.0,100.0,0.0,0.0,16.7,temperate,
Frühroter Veltliner,388.0,100.0,9.6,89.1,1.3,0.0,15.51,temperate,
Kuldzhinskii,385.4,100.0,0.0,0.0,81.4,18.6,18.33,warm,
Domina,374.7,100.0,94.0,5.9,0.2,0.0,14.45,cool,
Vijariego,368.7,100.0,0.0,0.0,0.0,100.0,22.04,hot,
Tinto Cão,367.0,100.0,0.0,0.0,82.7,17.2,17.81,warm,
Frâncușă,365.0,100.0,0.0,0.0,100.0,0.0,17.7,warm,
Espadeiro,357.4,100.0,0.0,0.0,93.6,6.4,17.49,warm,
Cabinda,354.9,100.0,0.0,0.0,0.0,100.0,19.8,hot,
Mazuelo (W),354.6,100.0,0.0,0.0,93.9,6.1,18.91,warm,
Tinta da Barca,351.6,100.0,0.0,0.0,99.9,0.1,17.4,warm,
Lairen,351.0,100.0,0.0,0.0,0.0,100.0,19.97,hot,
Salvador,350.7,100.0,0.0,0.0,0.0,100.0,19.9,hot,
Busuioacă de Bohotin,343.0,100.0,0.0,0.0,100.0,0.0,17.7,warm,
Manzoni Bianco,338.8,100.0,0.0,3.5,9.2,87.4,19.12,hot,
Faberrebe,331.0,100.0,6.9,93.1,0.0,0.0,15.46,temperate,
Quebranta,330.0,100.0,0.0,5.5,0.0,94.5,20.2,hot,
Generosa,328.0,100.0,0.0,93.3,5.7,1.0,16.91,temperate,
Carmem,327.9,100.0,0.0,0.0,0.0,100.0,19.6,hot,
Norton,327.3,100.0,0.0,0.0,1.0,99.0,19.71,hot,
Tortosi,325.0,100.0,0.0,0.0,0.0,100.0,20.87,hot,
Saperavi Severny,325.0,100.0,0.0,0.0,100.0,0.0,17.5,warm,
Mavrodafni,324.3,100.0,0.0,0.0,0.0,100.0,21.4,hot,
Falanghina,322.8,100.0,0.0,0.0,3.6,96.4,19.49,hot,
Mtsvane Kakhuri,319.4,100.0,0.0,100.0,0.0,0.0,16.6,temperate,
Erbaluce,315.7,100.0,0.1,0.0,98.6,1.3,18.11,warm,
Cabernet Mitos,311.9,99.0,56.2,43.8,0.0,0.0,15.05,temperate,
Iordan,311.0,100.0,0.0,0.0,100.0,0.0,17.7,warm,
Manto Negro,310.9,100.0,0.0,0.0,0.0,100.0,20.7,hot,
Abouriou,310.2,100.0,0.0,91.9,8.1,0.0,16.5,temperate,
Citronny Magarach,307.0,100.0,0.0,0.0,100.0,0.0,18.2,warm,
Camaralet de Lasseube,305.9,100.0,0.0,1.4,35.2,63.4,18.91,warm,
Arkadia,303.1,100.0,0.0,0.0,100.0,0.0,17.2,warm,
Agronomica,298.7,100.0,0.0,0.0,72.9,27.1,18.03,warm,
Tamarez,298.0,100.0,0.0,0.0,24.3,75.7,19.24,hot,
Băbească Neagră (G),297.0,100.0,0.0,0.0,100.0,0.0,17.7,warm,
Raboso Veronese,295.5,100.0,0.0,0.0,0.3,99.7,19.3,hot,
Ezerfürtű,294.6,100.0,0.0,85.6,14.4,0.0,16.77,temperate,
Podarok Magaracha,292.0,100.0,0.0,0.0,100.0,0.0,17.81,warm,
Brandam,291.3,100.0,0.0,0.0,91.9,8.1,17.6,warm,
Dunkelfelder,290.5,99.6,28.5,71.5,0.0,0.0,15.03,temperate,
Pascale,289.3,100.0,0.0,0.0,4.8,95.2,20.3,hot,
Goruli Mtsvane,287.3,100.0,0.0,100.0,0.0,0.0,16.6,temperate,
Trebbiano Modenese,287.3,100.0,0.0,0.0,2.1,97.9,19.43,hot,
Egiodola,285.4,100.0,0.0,27.5,49.3,23.1,18.18,warm,
Mondeuse Noire,282.3,100.0,0.0,0.6,99.2,0.3,17.2,warm,
Mustoasă de Măderat,282.0,100.0,0.0,0.0,100.0,0.0,17.7,warm,
Aleksandrouli,280.9,100.0,0.0,100.0,0.0,0.0,16.6,temperate,
Argaman,275.0,100.0,0.0,0.0,0.0,100.0,21.2,hot,
Cabernet Dorsa,271.7,99.7,48.9,51.1,0.0,0.0,14.93,cool,
Crouchen,271.5,100.0,0.0,0.2,0.0,99.8,20.68,hot,
Vidvizhenets,271.0,100.0,0.0,0.0,100.0,0.0,17.5,warm,
Casculho,269.2,100.0,0.0,0.0,70.2,29.8,18.11,warm,
Roobernet,268.9,100.0,0.0,0.0,0.1,99.9,20.84,hot,
Muscat Fleur d’Oranger,267.5,100.0,0.0,2.0,51.4,46.6,19.14,hot,
Șarbă,266.0,100.0,0.0,0.0,100.0,0.0,17.7,warm,
Cerceal Branco,260.8,100.0,0.0,0.0,58.9,41.1,18.39,warm,
Maticha,257.0,100.0,0.0,0.0,14.7,85.3,20.86,hot,
Portan,255.6,100.0,0.0,0.4,98.4,1.2,18.86,warm,
Aurore,255.1,100.0,13.5,86.3,0.0,0.2,15.39,temperate,
Gamay Teinturier de Bouze,254.7,100.0,0.0,94.0,6.0,0.0,15.88,temperate,
Lacrima di Morro d'Alba,252.0,100.0,0.0,0.0,92.3,7.7,18.97,warm,
Pinot Noir Précoce,251.1,98.8,40.7,59.3,0.0,0.0,14.91,cool,
Moristel,247.1,100.0,0.0,1.3,0.0,98.7,19.93,hot,
Vernaccia di Oristano,245.7,100.0,0.0,0.0,0.7,99.2,20.34,hot,
Red Globe,242.2,100.0,0.0,26.5,0.0,73.5,19.0,hot,
Vignoles,240.9,100.0,0.0,20.5,21.0,58.5,18.5,warm,
Lagrein,240.8,100.0,0.9,87.1,5.4,6.7,16.19,temperate,
Traminette,239.5,100.0,0.3,20.4,25.8,53.5,18.32,warm,
Campbell Early,237.7,100.0,0.0,72.3,27.7,0.0,16.17,temperate,
Schiava,236.0,100.0,0.0,82.5,1.5,16.0,16.51,temperate,
Elvira,231.1,100.0,7.2,92.8,0.0,0.0,15.36,temperate,
Fiesta,230.0,100.0,0.0,0.0,0.0,100.0,28.1,hot,
Garanoir,228.9,99.5,25.3,72.9,1.1,0.6,15.15,temperate,
Maréchal Foch,228.8,99.8,47.2,19.7,18.8,14.3,15.78,temperate,
Kodrinskii,228.7,100.0,0.0,0.0,100.0,0.0,17.2,warm,
Doina,227.0,100.0,0.0,0.0,100.0,0.0,18.2,warm,
Altesse,226.7,100.0,0.3,1.8,97.9,0.0,17.19,warm,
Lacrima Christi,226.4,100.0,0.0,0.5,99.5,0.0,18.07,warm,
Zengő,225.7,100.0,0.0,97.7,2.3,0.0,16.56,temperate,
Bouvier,223.9,100.0,3.1,96.9,0.0,0.0,15.86,temperate,
Moravia Agria,221.7,100.0,0.0,0.0,0.0,100.0,19.63,hot,
Malbo Gentile,218.5,100.0,0.0,0.0,0.8,99.2,19.38,hot,
Cayuga White,217.3,100.0,1.3,70.0,9.1,19.5,16.57,temperate,
Rösler,216.9,100.0,4.4,95.1,0.5,0.0,15.65,temperate,
Prezentabil,215.1,100.0,0.0,0.0,100.0,0.0,17.2,warm,
Abrusco,213.5,100.0,0.0,0.0,3.0,97.0,19.11,hot,
Frontenac,212.3,100.0,21.0,52.4,13.2,13.4,16.42,temperate,
Fokiano,211.8,100.0,0.0,0.0,0.0,100.0,20.5,hot,
Parraleta,211.4,100.0,0.0,0.0,1.3,98.7,19.65,hot,
Afus Ali,211.1,100.0,0.0,0.0,58.3,41.7,18.24,warm,
Terrano,209.3,100.0,0.0,0.0,13.3,86.7,19.31,hot,
Pölöskei Muskotály,207.0,100.0,0.0,59.3,40.6,0.1,17.0,temperate,
Papazkarası,204.0,100.0,0.0,0.0,100.0,0.0,18.7,warm,
Dona Branca,203.5,100.0,0.0,0.0,53.9,46.1,18.55,warm,
Danlas,203.2,100.0,0.0,3.9,46.3,49.7,18.99,warm,
Noah,200.0,100.0,0.0,0.0,100.0,0.0,17.2,warm,
Kraljevina,198.9,100.0,0.0,31.6,68.4,0.0,17.53,warm,
Viktória Gyöngye,197.8,100.0,0.0,100.0,0.0,0.0,16.88,temperate,
Roter Veltliner,197.5,100.0,7.3,92.7,0.0,0.0,15.54,temperate,
Menu Pineau,197.3,100.0,0.0,100.0,0.0,0.0,15.7,temperate,
Uva Rara,196.5,100.0,0.0,0.1,47.1,52.8,18.76,warm,
Concord Clone 30,195.8,100.0,0.0,0.0,0.0,100.0,19.6,hot,
Juhfark,195.2,100.0,0.0,95.2,4.8,0.0,16.25,temperate,
Tsulukidzis Tetra,195.0,100.0,0.0,100.0,0.0,0.0,16.6,temperate,
Arvine,191.9,100.0,99.4,0.3,0.1,0.3,14.79,cool,
Tinta de Pegoes,190.9,100.0,0.0,0.0,0.0,100.0,19.8,hot,
Žilavka,185.0,100.0,0.0,100.0,0.0,0.0,16.7,temperate,
Refosco di Faedis,184.6,100.0,0.0,0.0,24.1,75.9,19.12,hot,
Fintendo,184.5,85.5,0.0,0.0,0.0,100.0,22.65,hot,
Bellone,184.0,100.0,0.2,0.0,47.0,52.8,19.21,hot,
Turán,183.4,100.0,1.3,97.7,1.0,0.0,16.68,temperate,
Rúbea,181.1,100.0,0.0,0.0,0.0,100.0,19.6,hot,
Bastardo Magarachsky,180.0,100.0,0.0,0.0,100.0,0.0,17.2,warm,
Verdello,179.4,100.0,0.0,0.0,96.2,3.8,18.74,warm,
Enantio,177.7,100.0,0.0,21.8,0.9,77.3,18.87,warm,
Emerald Riesling,177.5,100.0,0.0,0.0,0.0,100.0,21.58,hot,
Limnio,176.0,100.0,0.0,0.0,0.0,100.0,19.67,hot,
Csaba Gyöngye,175.3,100.0,0.8,36.2,62.9,0.2,17.03,warm,
Crystal,174.5,100.0,0.0,0.0,98.9,1.1,18.21,warm,
Rome,172.1,100.0,0.0,0.0,0.0,100.0,21.5,hot,
Praca,169.4,100.0,0.0,0.0,99.9,0.1,17.4,warm,
Tsvetochny,169.0,100.0,0.0,0.0,100.0,0.0,17.83,warm,
Marquette,166.4,100.0,26.5,51.3,20.4,1.8,16.15,temperate,
Montils,165.2,100.0,0.0,100.0,0.0,0.0,16.6,temperate,
Schiava Gentile,164.9,100.0,1.4,83.6,3.5,11.4,16.31,temperate,
Rossese,163.9,100.0,0.0,0.0,9.2,90.8,19.28,hot,
Aleatico,162.9,100.0,0.0,0.0,44.0,56.0,19.05,hot,
Preto Martinho,162.5,100.0,0.0,0.0,38.7,61.3,18.87,warm,
Valbom,162.5,100.0,0.0,0.0,0.0,100.0,19.8,hot,
Folgasao,162.2,100.0,0.0,0.0,87.9,12.1,17.69,warm,
Maratheftiko,159.0,100.0,0.0,0.0,0.0,100.0,21.2,hot,
Avarengo,153.2,100.0,0.0,0.0,18.7,81.3,19.61,hot,
Robola,152.0,100.0,0.0,0.0,0.0,100.0,21.34,hot,
Plavaie,152.0,100.0,0.0,0.0,100.0,0.0,17.7,warm,
Vertzami,150.1,100.0,0.0,0.0,0.3,99.7,21.27,hot,
Bonamico,149.0,100.0,0.0,0.0,27.3,72.7,20.23,hot,
Cornalin,146.7,100.0,99.5,0.4,0.0,0.0,14.78,cool,
Amur,146.0,100.0,0.0,0.0,100.0,0.0,18.2,warm,
Lakhegyi Mézes,145.3,100.0,0.0,97.1,2.9,0.0,16.85,temperate,
Castelino,144.4,100.0,0.0,0.0,0.0,100.0,19.8,hot,
Giro Nero,144.2,100.0,0.0,0.0,0.1,99.9,19.99,hot,
Stepnyak,144.0,100.0,0.0,0.0,100.0,0.0,17.5,warm,
Black Queen,143.4,100.0,0.0,0.0,19.8,80.2,24.66,hot,
Gamay Teinturier de Chaudenay,142.0,100.0,0.0,92.1,7.9,0.0,15.98,temperate,
Negru de Yaloven,141.3,100.0,0.0,0.0,100.0,0.0,17.2,warm,
Ribol,140.9,100.0,0.0,8.0,42.2,49.8,18.32,warm,
Terret Noir,138.8,100.0,0.0,0.0,97.8,2.2,18.91,warm,
Callet,138.3,100.0,0.0,0.0,0.0,100.0,20.7,hot,
Servant,138.0,100.0,0.0,0.0,87.4,12.6,19.17,hot,
Solaris,137.8,85.6,66.8,33.2,0.0,0.0,14.69,cool,
Rouge du Pays,135.7,100.0,99.9,0.1,0.0,0.0,14.8,cool,
Encruzado,132.3,100.0,0.0,0.0,0.2,99.8,19.8,hot,
Yalovenskii Ustoichivyi,128.9,100.0,0.0,0.0,100.0,0.0,17.2,warm,
Prensal,128.9,100.0,0.0,0.0,0.0,100.0,20.7,hot,
Pinella,127.7,100.0,0.0,0.0,48.5,51.5,18.73,warm,
Valdiguié,126.5,100.0,0.0,2.6,93.0,4.4,17.46,warm,
Millot-Foch,126.4,100.0,2.0,98.0,0.0,0.0,15.67,temperate,
Malagousia,125.7,100.0,0.0,0.0,0.3,99.7,20.25,hot,
Nerello Cappuccio,124.8,100.0,0.0,0.0,0.0,100.0,21.22,hot,
Vermentino Nero,124.0,100.0,0.0,0.0,9.3,90.7,19.57,hot,
Trincadeira das Pratas,123.8,100.0,0.0,0.0,0.4,99.6,19.79,hot,
Medina,123.7,100.0,0.0,98.5,1.5,0.0,16.61,temperate,
Carnelian,123.4,100.0,0.0,0.0,0.0,100.0,23.03,hot,
Rotgipfler,123.3,100.0,0.1,99.9,0.0,0.0,15.52,temperate,
Pamyati Negrulya,123.1,100.0,0.0,0.0,100.0,0.0,17.2,warm,
Timorasso,122.6,100.0,0.0,0.0,55.1,44.9,18.66,warm,
Diolinoir,122.0,99.3,88.2,10.1,0.2,1.6,14.77,cool,
Trebbiano Spoletino,121.2,100.0,0.0,0.0,75.8,24.2,18.88,warm,
Picolit,121.1,100.0,0.0,0.0,84.3,15.7,18.64,warm,
Petit Bouschet,120.5,100.0,0.0,88.5,1.4,10.1,16.23,temperate,
Asprouda,120.0,100.0,0.0,0.0,0.0,100.0,20.5,hot,
Reichensteiner,119.5,99.1,55.9,44.1,0.0,0.0,14.72,cool,
Neretta Cuneese,119.5,100.0,0.0,0.0,82.6,17.4,18.31,warm,
Zéta,117.6,100.0,0.0,100.0,0.0,0.0,15.8,temperate,
Riesus,115.0,100.0,0.0,0.0,100.0,0.0,18.2,warm,
Spergola,114.8,100.0,0.0,0.0,0.0,100.0,19.4,hot,
Barbera Bianca,114.3,100.0,0.1,0.2,26.1,73.6,19.18,hot,
Coarnă Neagră,113.6,100.0,0.0,0.0,100.0,0.0,17.66,warm,
Moschomavro,112.8,100.0,0.0,0.0,39.9,60.1,19.74,hot,
Malvasia di Lipari,112.6,100.0,0.0,0.0,6.2,93.8,20.1,hot,
Herbemont,112.1,100.0,0.0,0.0,0.0,100.0,19.6,hot,
Heroldrebe,112.0,100.0,16.1,83.9,0.0,0.0,15.11,temperate,
Johanniter,110.6,97.1,65.4,34.6,0.0,0.0,14.7,cool,
Tempranillo (W),110.2,100.0,0.0,53.9,46.1,0.0,16.82,temperate,
Malvasia Branca de Sao Jorge,109.9,100.0,0.0,0.0,5.3,94.7,19.77,hot,
Maiskii Chernyi,109.8,100.0,0.1,0.0,75.7,24.2,18.52,warm,
Bíborkadarka,109.3,100.0,0.0,59.2,40.8,0.0,16.95,temperate,
Coloraillo,108.9,100.0,0.0,0.0,0.0,100.0,19.6,hot,
Pallagrello Nero,106.6,100.0,0.0,0.0,3.7,96.3,19.48,hot,
Korinthiaki,106.4,100.0,0.0,84.0,5.4,10.7,17.14,warm,
Zierfandler,105.4,100.0,0.1,78.1,21.8,0.0,15.89,temperate,
Ofthalmo,105.0,100.0,0.0,0.0,0.0,100.0,21.2,hot,
Lambrusco Oliva,104.2,100.0,0.0,0.0,0.2,99.8,19.41,hot,
Rieslina,103.4,94.8,0.0,0.0,20.4,79.6,20.95,hot,
Complexa,102.8,100.0,0.0,0.0,0.0,100.0,19.9,hot,
De Chaunac,102.4,100.0,6.3,84.2,9.1,0.4,15.73,temperate,
Siegerrebe,101.8,100.0,25.4,74.6,0.0,0.0,15.1,temperate,
Ruche,99.7,100.0,0.0,0.0,100.0,0.0,18.1,warm,
Malvasia di Casorzo,98.7,100.0,0.0,0.4,61.5,38.1,18.58,warm,
Lival,98.5,100.0,0.0,0.0,24.9,75.1,19.18,hot,
Goldburger,98.0,100.0,4.4,95.6,0.0,0.0,15.59,temperate,
Albarola,95.3,100.0,0.0,0.0,4.6,95.4,19.39,hot,
La Crescent,93.6,100.0,4.7,69.0,18.3,8.1,16.89,temperate,
Royalty,93.1,100.0,0.0,0.0,0.0,100.0,22.06,hot,
Amaral,93.1,100.0,0.0,0.0,75.4,24.6,17.99,warm,
Bouchales,92.6,100.0,0.0,99.3,0.7,0.0,16.9,temperate,
Rebo,92.5,100.0,0.2,64.7,21.7,13.4,16.84,temperate,
Casavecchia,92.2,100.0,0.0,0.0,0.1,99.9,19.5,hot,
Frontenac (G),91.5,100.0,27.7,62.2,8.8,1.4,15.95,temperate,
Jubileum 75,91.3,100.0,0.0,98.3,1.7,0.0,16.9,temperate,
Nasco,91.1,100.0,0.0,0.0,1.1,98.9,20.35,hot,
Nieddera,90.8,100.0,0.0,0.0,2.8,97.2,20.25,hot,
Vespaiola,90.5,100.0,0.0,0.0,0.0,100.0,19.32,hot,
Chardonel,90.4,100.0,0.0,0.0,31.8,68.2,19.11,hot,
Poulsard,90.3,100.0,0.0,83.7,16.3,0.0,16.11,temperate,
Chasselas (R),89.9,100.0,0.0,0.2,20.1,79.7,19.05,hot,
Adakarası,88.6,100.0,0.0,0.0,100.0,0.0,18.7,warm,
Emir,88.6,100.0,0.0,0.0,100.0,0.0,17.6,warm,
Padeiro,87.7,100.0,0.0,0.0,98.7,1.3,17.43,warm,
Vespolina,87.6,100.0,0.0,0.0,83.9,16.1,18.32,warm,
Schioppettino,87.2,100.0,0.0,0.9,81.8,17.3,18.64,warm,
Rabo de Anho,85.7,100.0,0.0,0.0,8.5,91.5,19.6,hot,
Plassa,85.7,100.0,0.0,0.7,1.9,97.4,19.27,hot,
Léon Millot,85.4,99.8,42.8,54.8,2.4,0.0,15.15,temperate,
Sercial,85.3,100.0,0.0,0.0,44.8,55.2,18.76,warm,
Caddiu,83.5,100.0,0.0,0.0,8.8,91.2,19.43,hot,
Canari Noir,83.5,98.1,0.0,0.0,56.7,43.3,19.78,hot,
Baroque,83.4,100.0,0.0,99.7,0.3,0.0,16.9,temperate,
Ehrenfelser,82.3,98.8,61.9,38.1,0.0,0.0,14.69,cool,
Plavec Žuti,82.2,100.0,0.0,63.0,37.0,0.0,16.44,temperate,
Malvasia di Schierano,82.1,100.0,0.0,0.0,94.5,5.5,18.16,warm,
San Giuseppe Nero,82.1,100.0,0.0,0.0,21.3,78.7,19.24,hot,
Rubin Golodrigi,82.0,100.0,0.0,0.0,100.0,0.0,18.2,warm,
Monemvassia,81.5,100.0,0.0,0.0,0.0,100.0,21.92,hot,
Blanc du Bois,81.3,100.0,0.0,0.0,0.0,100.0,25.56,hot,
Prima,81.2,100.0,0.0,0.0,41.3,58.7,19.05,hot,
Drupeggio,81.0,100.0,0.0,0.0,58.0,42.0,19.01,hot,
Pedral,80.1,100.0,0.0,0.0,95.2,4.8,17.41,warm,
Perricone,79.7,100.0,0.0,0.4,1.0,98.6,21.18,hot,
Luisa Blanca,79.5,100.0,0.0,0.0,0.0,100.0,20.48,hot,
Labrusco,79.3,100.0,0.0,0.0,0.0,100.0,19.8,hot,
Gamay Teinturier Freaux,79.0,100.0,0.0,31.4,68.6,0.0,16.79,temperate,
Groppello Gentile,78.2,100.0,0.0,0.3,77.1,22.6,18.61,warm,
Dekabrskii,78.0,100.0,0.0,0.0,100.0,0.0,18.2,warm,
Caíño Blanco,77.3,100.0,0.0,0.0,97.5,2.5,17.27,warm,
Coda di Volpe Bianca,76.8,100.0,0.0,0.0,0.2,99.8,19.58,hot,
Tinta Aguiar,76.7,100.0,0.0,0.0,98.5,1.5,17.44,warm,
Agua Santa,76.4,100.0,0.0,0.0,9.0,91.0,19.58,hot,
Terret Gris,75.7,100.0,0.0,0.0,99.9,0.1,18.9,warm,
Seyval Noir,75.6,100.0,16.4,0.0,0.0,83.6,18.66,warm,
Zelen,75.1,100.0,0.0,0.0,100.0,0.0,18.1,warm,
Novac,74.0,100.0,0.0,0.0,100.0,0.0,17.7,warm,
Rieslaner,73.0,100.0,43.8,56.2,0.0,0.0,14.84,cool,
Incrocio Manzoni 2.15,71.7,100.0,0.0,15.3,2.5,82.2,18.77,warm,
Chatus,70.9,100.0,0.0,0.9,97.9,1.2,17.31,warm,
Königin der Weingärten,70.4,100.0,0.0,0.0,87.4,12.6,17.48,warm,
Dorinto,69.9,100.0,0.0,0.0,13.7,86.3,19.47,hot,
Barbera Sarda,69.7,100.0,0.0,0.0,2.0,98.0,20.31,hot,
Albarossa,69.6,100.0,0.0,0.0,95.2,4.8,18.17,warm,
Romorantin,69.5,100.0,0.0,100.0,0.0,0.0,15.7,temperate,
Piquepoul Noir,69.2,100.0,0.0,0.0,77.7,22.3,18.93,warm,
Foglia Tonda,68.3,100.0,0.0,0.0,2.5,97.5,19.28,hot,
Petit Rouge,68.2,100.0,87.5,0.0,0.2,12.3,15.02,temperate,
Dakapo,68.2,98.3,58.8,41.2,0.0,0.0,14.91,cool,
Therona,67.2,100.0,0.0,0.0,0.0,100.0,22.11,hot,
Tintilia del Molise,66.0,100.0,0.0,0.0,97.9,2.1,17.55,warm,
Aromat de Iasi,66.0,100.0,0.0,0.0,100.0,0.0,17.7,warm,
Dostoinyi,65.0,100.0,0.0,0.0,100.0,0.0,18.2,warm,
Nosiola,64.7,100.0,0.0,96.6,0.9,2.5,15.91,temperate,
L´Acadie Blanc,64.7,100.0,100.0,0.0,0.0,0.0,13.32,cool,
Rondo,64.5,78.3,87.7,11.9,0.5,0.0,13.71,cool,
Donzelinho Branco,64.4,100.0,0.0,0.0,97.4,2.6,17.46,warm,
Tinta Bragao,63.8,100.0,0.0,0.0,98.1,1.9,17.45,warm,
Cabernet Cubin,62.4,100.0,42.3,57.7,0.0,0.0,14.89,cool,
Mourisco de Semente,61.1,100.0,0.0,0.0,87.8,12.2,17.69,warm,
Segalin,61.0,100.0,0.0,0.0,100.0,0.0,17.4,warm,
Menoir,60.8,100.0,0.0,82.8,17.2,0.0,16.77,temperate,
Sciascinoso,59.4,100.0,0.0,0.0,6.5,93.5,19.48,hot,
Aladasturi,59.0,100.0,0.0,100.0,0.0,0.0,16.6,temperate,
Lambrusco Viadanese,58.8,100.0,0.0,0.0,72.5,27.5,18.7,warm,
Lambrusca di Alessandria,58.5,100.0,0.0,8.0,24.6,67.3,18.93,warm,
Nero Buono di Cori,57.9,100.0,0.0,0.0,2.5,97.5,19.79,hot,
Mazzese,57.2,100.0,0.0,0.3,3.9,95.8,19.21,hot,
Tinta Francisca,55.3,100.0,0.0,0.0,96.8,3.2,17.5,warm,
Flame Seedless,55.2,100.0,0.0,94.6,0.0,5.4,16.15,temperate,
Kishmish Luchistyi,54.9,100.0,0.0,0.0,100.0,0.0,17.2,warm,
Marzemina Bianca,54.6,100.0,0.0,0.7,1.0,98.3,19.27,hot,
Bukettraube,54.4,100.0,0.0,0.0,0.1,99.9,21.24,hot,
Rose du Var,54.4,100.0,0.0,0.0,0.0,100.0,19.3,hot,
Arriloba,54.2,100.0,0.0,72.9,12.5,14.6,17.46,warm,
Zghihară de Huşi,54.0,100.0,0.0,0.0,100.0,0.0,17.7,warm,
Malaga Blanc,54.0,100.0,0.0,0.0,0.0,100.0,29.1,hot,
Grossa,54.0,100.0,0.0,0.0,5.1,94.9,19.76,hot,
Würzer,53.8,100.0,30.4,69.6,0.0,0.0,15.13,temperate,
Garrido Fino,53.7,100.0,0.0,0.0,0.0,100.0,21.5,hot,
Tinta Penajoia,53.3,100.0,0.0,0.0,73.7,26.3,18.03,warm,
Hrvatica,53.2,100.0,0.0,3.1,2.1,94.8,19.32,hot,
Concieira,53.1,100.0,0.0,0.0,94.0,6.0,17.54,warm,
Nobling,52.5,99.4,100.0,0.0,0.0,0.0,15.0,cool,
Verdiso,52.2,100.0,0.0,0.0,8.5,91.5,19.27,hot,
Fonte Cal,52.0,100.0,0.0,0.0,0.0,100.0,19.8,hot,
Magliocco Dolce,51.3,100.0,0.0,0.1,5.3,94.6,19.33,hot,
Folignan,51.0,100.0,0.0,100.0,0.0,0.0,16.6,temperate,
Vitovska,50.6,100.0,0.0,0.0,98.5,1.5,18.51,warm,
Madeleine × Angevine 7672,50.2,96.2,100.0,0.0,0.0,0.0,13.66,cool,
Pignolo,50.2,100.0,0.0,4.2,90.5,5.3,18.43,warm,
Fioletovy Ranny,50.0,100.0,0.0,0.0,100.0,0.0,17.5,warm,
Golden Muscat,50.0,100.0,0.0,0.0,0.0,100.0,25.45,hot,
Verdil,49.8,100.0,0.0,0.0,0.0,100.0,21.61,hot,
Göcseji Zamatos,49.6,100.0,0.0,19.3,80.7,0.0,17.94,warm,
Bosco,49.6,100.0,0.0,0.0,7.9,92.1,19.31,hot,
Mátrai Muskotály,49.5,100.0,0.0,99.6,0.4,0.0,16.74,temperate,
Kéknyelű,49.5,100.0,0.0,100.0,0.0,0.0,16.43,temperate,
Seinoir,49.5,100.0,0.0,100.0,0.0,0.0,16.08,temperate,
Bailey,49.0,100.0,0.0,0.0,0.0,100.0,19.6,hot,
Rossignola,48.8,100.0,0.7,0.8,11.9,86.6,19.16,hot,
Trincadeiro Branco,48.5,100.0,0.0,0.0,45.9,54.1,18.7,warm,
Phoenix,48.5,95.1,39.3,60.7,0.0,0.0,14.96,cool,
Alvarelhão,48.2,100.0,0.0,0.0,65.2,34.8,18.41,warm,
Albarín Blanco,48.1,100.0,0.0,80.3,19.7,0.0,16.64,temperate,
Savagnin Rose,47.6,100.0,0.0,100.0,0.0,0.0,15.61,temperate,
Italica,47.3,100.0,0.0,0.0,49.1,50.9,18.89,warm,
Krakhuna,46.2,100.0,0.0,100.0,0.0,0.0,16.6,temperate,
Torbato,46.2,100.0,0.0,0.0,69.2,30.8,19.24,hot,
Pelaverga,46.1,100.0,0.0,0.0,96.4,3.6,18.42,warm,
Caloria,45.4,100.0,0.0,0.0,3.0,97.0,19.36,hot,
Duna Gyöngye ,45.4,100.0,0.0,100.0,0.0,0.0,16.9,temperate,
Tazzelenghe,45.4,100.0,0.0,0.2,11.9,87.9,19.2,hot,
St Croix,44.5,100.0,39.1,16.0,30.8,14.1,16.39,temperate,
Merlot Blanc,44.2,100.0,0.0,85.7,2.5,11.8,17.14,warm,
Cabernet Cortis,43.7,86.9,92.1,7.9,0.0,0.0,14.83,cool,
Blanca Ovoide,43.5,100.0,0.0,1.7,98.3,0.0,17.68,warm,
Karát,43.5,100.0,0.0,97.0,3.0,0.0,16.85,temperate,
Saint Jeannet,42.8,69.4,0.0,0.0,0.0,100.0,22.31,hot,
Merille,42.2,100.0,0.0,32.5,67.5,0.0,17.26,warm,
Lyana,41.5,100.0,0.0,0.0,100.0,0.0,17.2,warm,
Amigne,41.5,100.0,99.7,0.3,0.0,0.0,14.8,cool,
Moscato Nazareno,40.0,100.0,0.0,0.0,0.0,100.0,19.6,hot,
Picapoll Blanco,40.0,100.0,0.0,0.0,0.0,100.0,20.02,hot,
Verdelet,39.8,100.0,1.5,0.0,79.7,18.8,18.69,warm,
Malvasia Nera di Basilicata,39.2,100.0,0.0,0.0,59.3,40.7,18.19,warm,
Primavera,39.0,100.0,0.0,0.0,0.0,100.0,19.8,hot,
Portland,39.0,100.0,0.0,95.3,4.7,0.0,15.68,temperate,
Moscato Rosa del Trentino,38.6,100.0,0.2,19.8,26.2,53.8,18.41,warm,
Maceratino,38.6,100.0,0.0,0.0,69.5,30.5,19.07,hot,
Verdea,38.6,100.0,0.0,0.0,28.8,71.2,19.14,hot,
Bianco d'Alessano,38.3,100.0,0.0,0.0,2.8,97.2,20.57,hot,
Caberinta,38.3,100.0,0.0,0.0,22.7,77.3,20.28,hot,
Vidadillo,37.7,100.0,0.0,0.0,0.0,100.0,19.9,hot,
Biancone di Portoferraio,37.7,100.0,0.0,0.3,15.7,84.0,19.71,hot,
Optima,37.7,100.0,49.6,50.4,0.0,0.0,14.93,cool,
Chancellor,37.5,100.0,10.0,15.8,59.7,14.5,16.96,temperate,
Landal,37.2,100.0,0.0,94.2,5.8,0.0,15.96,temperate,
Tavkveri,37.2,100.0,0.0,100.0,0.0,0.0,16.6,temperate,
St Pepin,37.1,100.0,35.0,17.7,28.1,19.2,16.59,temperate,
Golubok,37.0,100.0,0.0,0.0,100.0,0.0,18.2,warm,
San Michele,36.8,100.0,0.0,0.0,9.8,90.2,19.2,hot,
Lumassina,36.7,100.0,0.1,0.0,1.2,98.7,19.53,hot,
Muscat Swenson,36.7,100.0,98.9,0.0,0.0,1.1,14.36,cool,
Doral,35.3,100.0,12.6,87.4,0.0,0.0,14.83,cool,
Negretto,35.2,100.0,1.9,0.0,3.6,94.6,19.37,hot,
Schönburger,35.1,100.0,68.7,31.3,0.0,0.0,14.48,cool,
Yamabudo,35.0,100.0,0.0,0.0,93.8,6.2,17.55,warm,
Grechetto Rosso,34.9,100.0,0.0,0.0,21.7,78.3,19.28,hot,
Lora,34.9,100.0,0.0,0.0,100.0,0.0,17.2,warm,
Carricante,34.8,100.0,0.0,0.0,0.1,99.9,21.31,hot,
Steuben,34.7,100.0,0.0,53.3,46.7,0.0,17.18,warm,
Galotta,34.6,99.8,27.4,72.6,0.0,0.0,14.99,cool,
Cabernet Dorio,34.2,100.0,41.6,58.4,0.0,0.0,14.97,cool,
Branco Gouvaes,34.2,100.0,0.0,0.0,92.7,7.3,17.57,warm,
Morava,34.1,100.0,0.0,0.0,100.0,0.0,17.1,warm,
Jampal,33.9,100.0,0.0,0.0,4.0,96.0,19.7,hot,
Donzelinho Tinto,33.8,100.0,0.0,0.0,86.2,13.8,17.73,warm,
Semidano,33.6,100.0,0.0,0.0,2.2,97.8,20.36,hot,
Vitovska Grganja,33.5,100.0,0.0,66.0,34.0,0.0,17.18,warm,
Centurian,33.2,100.0,0.0,0.0,0.0,100.0,23.07,hot,
Chenel,33.0,100.0,0.0,0.0,0.0,100.0,22.38,hot,
Caracol,32.9,100.0,0.0,0.0,0.0,100.0,19.9,hot,
Ramisco,32.8,100.0,0.0,0.0,0.0,100.0,19.8,hot,
Pampanuto,32.5,100.0,0.0,0.0,1.6,98.4,20.59,hot,
Ora,32.4,100.0,0.0,0.0,57.2,42.8,19.03,hot,
Courbu Blanc,32.4,100.0,0.0,99.6,0.4,0.0,16.9,temperate,
Pollera Nera,32.3,100.0,0.0,6.7,0.4,92.9,19.01,hot,
Kuban,32.2,100.0,0.0,0.0,100.0,0.0,17.2,warm,
Ojaleshi,32.1,100.0,0.0,100.0,0.0,0.0,16.6,temperate,
Malvasia Bianca di Basilicata,31.9,100.0,0.0,0.0,44.2,55.8,19.14,hot,
Rathay,31.9,100.0,0.6,99.4,0.0,0.0,15.74,temperate,
Ferral,31.3,83.7,0.0,0.0,8.0,92.0,21.3,hot,
Podarok Zaporozju,31.0,100.0,0.0,0.0,100.0,0.0,17.2,warm,
Prunesta,30.9,100.0,0.0,2.2,4.4,93.4,19.23,hot,
Magna,30.5,100.0,0.0,0.0,0.0,100.0,19.6,hot,
Kreaca,30.4,100.0,0.0,1.9,98.1,0.0,17.66,warm,
Aglianicone,30.3,100.0,0.0,0.0,9.5,90.5,19.28,hot,
Kabar,30.3,100.0,0.0,98.7,1.3,0.0,15.86,temperate,
Barkhatnyi,30.0,100.0,0.0,0.0,100.0,0.0,18.2,warm,
Tinta Pomar,30.0,100.0,0.0,0.0,75.6,24.4,17.99,warm,
Trebbianina,29.8,100.0,0.0,0.0,38.0,62.0,19.64,hot,
Arnsburger,29.4,100.0,0.0,3.4,0.0,96.6,19.75,hot,
Barbaroux,29.2,100.0,0.0,0.0,0.0,100.0,19.3,hot,
Uva Tosca,29.1,100.0,0.0,0.0,7.9,92.1,19.33,hot,
Gargiulo 2539,29.1,100.0,0.0,0.0,55.0,45.0,19.69,hot,
Humagne,29.0,100.0,100.0,0.0,0.0,0.0,14.8,cool,
Manseng Noir,28.9,100.0,0.0,9.5,30.0,60.5,18.81,warm,
Rossola Nera,28.6,100.0,0.0,0.0,22.5,77.5,19.78,hot,
Verdelho Tinto,28.6,100.0,0.0,0.0,91.7,8.3,17.6,warm,
Fredonia,28.5,100.0,0.0,92.9,7.1,0.0,15.78,temperate,
Kakotrygis,28.4,100.0,0.0,0.0,0.0,100.0,21.4,hot,
Kanzler,28.0,100.0,14.3,85.7,0.0,0.0,15.24,temperate,
Madrasa,27.9,100.0,0.0,0.0,99.5,0.4,17.71,warm,
Pignola Valtellinese,27.8,100.0,0.0,0.0,13.2,86.8,19.32,hot,
Kishmish Moldavskii,27.6,100.0,0.0,0.0,100.0,0.0,17.2,warm,
Albaranzeuli Nero,27.5,100.0,0.0,0.0,1.0,99.0,19.17,hot,
Zeusz,27.5,100.0,0.0,100.0,0.0,0.0,16.24,temperate,
Cabernet Jura,27.3,97.3,96.6,3.4,0.0,0.0,14.19,cool,
Ryugan,27.3,100.0,0.0,0.0,100.0,0.0,18.6,warm,
Alcañon,27.2,100.0,0.0,0.0,0.0,100.0,19.88,hot,
Scuppernong,27.2,100.0,0.4,0.0,0.0,99.6,25.46,hot,
Vega,26.9,100.0,0.2,0.0,0.8,99.0,19.32,hot,
Thrapsathiri,26.9,100.0,0.0,0.0,0.0,100.0,22.6,hot,
Admirable de Courtiller,26.8,100.0,0.0,0.0,0.6,99.4,19.3,hot,
Barcelo,26.5,100.0,0.0,0.0,0.0,100.0,19.8,hot,
Valenci Tinto,26.4,100.0,0.0,0.0,0.0,100.0,20.59,hot,
Frontenac (W),26.3,100.0,99.8,0.0,0.2,0.0,13.9,cool,
Sgavetta,26.2,100.0,0.0,0.0,17.4,82.6,19.2,hot,
Codană,26.0,100.0,0.0,0.0,100.0,0.0,17.7,warm,
La Crosse,25.9,100.0,0.0,24.0,53.4,22.6,18.05,warm,
Kisi,25.7,100.0,0.0,100.0,0.0,0.0,16.6,temperate,
Chkhaveri,25.7,100.0,0.0,100.0,0.0,0.0,16.6,temperate,
Calitor Noir,25.7,100.0,0.0,0.0,3.7,96.3,19.29,hot,
Oberlin,25.6,100.0,66.8,33.2,0.0,0.0,15.17,temperate,
Columna,25.6,100.0,0.0,0.0,100.0,0.0,17.7,warm,
Sabrevois,25.5,100.0,49.4,40.2,10.4,0.0,15.4,temperate,
Lambrusco Montericco,25.5,100.0,0.0,0.2,6.2,93.6,19.47,hot,
Odysseus,25.2,100.0,0.0,6.3,93.7,0.0,17.17,warm,
Fumin,25.1,100.0,77.7,0.0,0.8,21.4,15.49,temperate,
Centesimino,25.0,100.0,0.0,0.0,0.0,100.0,19.38,hot,
Silvaner (R),25.0,100.0,88.0,12.0,0.0,0.0,14.57,cool,
Noiret,25.0,100.0,0.0,61.7,9.7,28.5,16.82,temperate,
Csillám,24.9,100.0,0.0,100.0,0.0,0.0,16.9,temperate,
Groppello di Mocasina,24.3,100.0,0.0,3.9,48.8,47.3,18.76,warm,
Tinta de Alcoa,24.1,100.0,0.0,0.0,66.5,33.5,18.2,warm,
Adirondac,24.0,100.0,0.0,0.0,13.6,86.4,18.95,warm,
Malvasia Fina Roxa,24.0,100.0,0.0,0.0,68.8,31.2,18.2,warm,
Alb Aromat,24.0,100.0,0.0,0.0,100.0,0.0,17.7,warm,
Goldriesling,24.0,100.0,0.0,100.0,0.0,0.0,15.3,temperate,
Yama Sauvignon,24.0,100.0,0.0,0.0,100.0,0.0,18.13,warm,
Moore's Diamond,23.9,100.0,0.0,91.3,0.0,8.7,15.83,temperate,
Prie,23.9,100.0,98.4,0.0,0.2,1.4,14.5,cool,
Kármin,23.8,100.0,0.0,100.0,0.0,0.0,16.79,temperate,
Räuschling,23.2,100.0,100.0,0.0,0.0,0.0,14.47,cool,
Prairie Star,23.2,100.0,12.1,73.6,3.6,10.8,16.5,temperate,
Slankamenka,23.0,100.0,0.0,0.0,100.0,0.0,17.7,warm,
Valerien,22.7,100.0,0.0,99.2,0.8,0.0,15.91,temperate,
Manzoni Rosa,22.6,100.0,0.1,10.1,59.6,30.1,18.52,warm,
Biancolella,22.6,100.0,0.0,0.0,1.7,98.3,19.51,hot,
Mollard,22.6,100.0,0.0,0.0,0.0,100.0,19.3,hot,
Nektár,22.3,100.0,0.0,95.4,4.6,0.0,16.57,temperate,
Moscato di Terracina,22.2,100.0,0.0,0.0,2.3,97.7,19.77,hot,
Cascade,21.9,100.0,0.0,100.0,0.0,0.0,15.6,temperate,
Rougeon,21.4,100.0,0.0,100.0,0.0,0.0,15.5,temperate,
Lucie Kuhlmann,21.3,100.0,100.0,0.0,0.0,0.0,13.57,cool,
Regner,21.0,100.0,0.0,100.0,0.0,0.0,15.6,temperate,
Brianna,20.8,100.0,0.0,40.1,59.9,0.0,17.51,warm,
Greco,20.7,100.0,0.0,0.0,2.0,98.0,19.61,hot,
Hibernal,20.4,100.0,2.5,4.9,92.6,0.0,17.04,warm,
Valentino Nero,20.3,100.0,0.0,0.0,1.1,98.9,19.34,hot,
St Vincent,20.3,100.0,0.0,0.0,0.0,100.0,20.02,hot,
Yamasachi,20.0,100.0,0.0,100.0,0.0,0.0,15.6,temperate,
Marmajuelo,20.0,100.0,0.0,0.0,0.0,100.0,22.1,hot,
Goethe,19.8,100.0,0.0,0.0,0.0,100.0,19.6,hot,
Pavana,19.8,100.0,0.0,48.8,3.6,47.7,17.77,warm,
Fuella Nera,19.7,100.0,0.0,0.0,0.0,100.0,19.3,hot,
Manzoni Moscato,19.3,100.0,0.0,1.4,2.3,96.3,19.24,hot,
Prunelard,19.3,100.0,0.0,0.0,100.0,0.0,17.4,warm,
Minella Bianca,19.2,100.0,0.0,0.0,1.1,98.9,19.68,hot,
Mechta,18.8,100.0,0.0,0.0,100.0,0.0,17.2,warm,
Goustolidi,18.7,100.0,0.0,0.0,0.0,100.0,21.4,hot,
Neretto di Bairo,18.6,100.0,0.0,0.0,87.8,12.2,18.34,warm,
Plant Droit,18.6,100.0,0.0,0.0,20.3,79.7,19.22,hot,
Abbuoto,18.5,100.0,0.0,0.8,12.8,86.4,19.51,hot,
Avana,18.5,100.0,0.0,0.0,87.8,12.2,18.3,warm,
Gualarido,18.2,100.0,0.0,0.0,0.0,100.0,22.1,hot,
Castelão Branco,18.0,100.0,0.0,0.0,0.5,99.5,19.79,hot,
Folgasao Roxo,18.0,100.0,0.0,0.0,0.6,99.4,19.79,hot,
Perle,18.0,100.0,61.1,38.9,0.0,0.0,14.87,cool,
Crâmpoșie Selecționată,18.0,100.0,0.0,0.0,100.0,0.0,17.7,warm,
Negru de Drăgăşani,18.0,100.0,0.0,0.0,100.0,0.0,17.7,warm,
Molette,17.7,100.0,0.0,0.0,100.0,0.0,17.2,warm,
Oeillade Noire,17.7,100.0,0.0,0.0,93.8,6.2,18.85,warm,
Rózsakő,17.5,100.0,0.0,100.0,0.0,0.0,16.32,temperate,
Carrega Tinto,17.4,100.0,0.0,0.0,99.7,0.3,17.41,warm,
Vostorg,17.2,100.0,0.0,0.0,100.0,0.0,17.2,warm,
Nascetta,17.0,100.0,0.0,0.0,65.8,34.2,18.57,warm,
Muscardin,16.9,100.0,0.0,0.0,7.0,93.0,19.21,hot,
Negoska,16.9,100.0,0.0,0.0,21.2,78.8,19.48,hot,
Soperga,16.6,100.0,0.0,0.0,0.0,100.0,19.34,hot,
Colombana Nera,16.5,100.0,1.7,0.0,3.7,94.5,19.05,hot,
Bakator Roz,16.2,100.0,0.0,9.2,90.8,0.0,17.59,warm,
Tauberschwarz,16.0,100.0,100.0,0.0,0.0,0.0,14.64,cool,
Oseleta,16.0,100.0,0.0,0.0,0.0,100.0,19.3,hot,
Edelweiss,15.9,100.0,0.0,65.1,34.9,0.0,17.1,warm,
Sumoll,15.8,100.0,0.0,0.0,0.0,100.0,21.65,hot,
Guardavalle,15.8,100.0,0.0,0.0,0.0,100.0,20.24,hot,
Muskat de Yaloven,15.7,100.0,0.0,0.0,96.2,3.8,17.45,warm,
Mostosa,15.6,100.0,0.0,0.0,6.4,93.6,19.44,hot,
Olivette Noire,15.5,100.0,0.0,0.0,1.8,98.2,19.29,hot,
Gringet,15.5,100.0,0.0,0.0,100.0,0.0,17.2,warm,
Gyöngyrizling,15.5,100.0,0.0,100.0,0.0,0.0,16.79,temperate,
Blasius,15.2,100.0,0.0,0.0,100.0,0.0,17.7,warm,
Hondarribi Beltza,15.2,100.0,0.0,96.8,3.2,0.0,15.86,temperate,
Rollo,15.1,100.0,0.0,0.6,40.5,58.9,19.15,hot,
Juwel,15.0,100.0,20.0,80.0,0.0,0.0,15.28,temperate,
Rubinet,15.0,100.0,0.0,100.0,0.0,0.0,15.6,temperate,
Touriga Femea,14.8,100.0,0.0,0.0,54.2,45.8,18.5,warm,
Ohanes,14.8,100.0,0.0,0.0,1.1,98.9,19.31,hot,
Pugnitello,14.7,100.0,0.0,0.0,4.4,95.6,19.09,hot,
Muscat Timpuriu de Bucuresti,14.6,100.0,0.0,0.0,100.0,0.0,17.2,warm,
Zefír,14.6,100.0,0.0,100.0,0.0,0.0,16.57,temperate,
Cesar,14.6,100.0,0.0,72.5,27.5,0.0,16.37,temperate,
Fogoneu,14.5,100.0,0.0,0.0,0.0,100.0,20.73,hot,
Primetta,14.4,100.0,1.4,0.0,7.8,90.8,19.13,hot,
Aramon Noir (W),14.4,100.0,0.0,0.0,49.5,50.5,18.86,warm,
Vandal-Cliche,14.3,100.0,100.0,0.0,0.0,0.0,13.9,cool,
Bastardo Branco,14.3,100.0,0.0,0.0,96.6,3.4,17.48,warm,
Sevilhao,14.3,100.0,0.0,0.0,97.6,2.4,17.46,warm,
Prior,14.2,99.4,100.0,0.0,0.0,0.0,14.81,cool,
Debina,14.2,100.0,0.0,0.0,76.7,23.3,19.69,hot,
Helfensteiner,14.0,100.0,100.0,0.0,0.0,0.0,14.5,cool,
Malvasia Nera Lunga,13.9,100.0,0.0,0.0,42.2,57.8,18.87,warm,
Geisenheim 318-57,13.8,100.0,100.0,0.0,0.0,0.0,13.42,cool,
Floricica,13.7,100.0,0.0,0.0,100.0,0.0,17.2,warm,
Casetta,13.6,100.0,0.0,1.7,0.0,98.3,19.24,hot,
Rubintos,13.5,100.0,0.0,98.7,1.3,0.0,16.81,temperate,
GR 7,13.3,100.0,0.0,76.1,23.9,0.0,16.17,temperate,
Maturana Blanca,13.0,100.0,0.0,2.5,80.9,16.6,18.01,warm,
Maiolica,12.7,100.0,0.0,0.0,8.0,92.0,19.55,hot,
Arvesiniadu,12.6,100.0,0.0,0.0,10.8,89.2,20.09,hot,
Neyret,12.5,100.0,3.3,0.0,69.1,27.6,18.55,warm,
Meslier Saint-Francois,12.5,100.0,0.0,99.8,0.2,0.0,15.77,temperate,
Corbina Vicentina,12.3,100.0,0.0,0.0,1.7,98.3,19.29,hot,
New York Muscat,12.3,100.0,100.0,0.0,0.0,0.0,13.33,cool,
Pannon Frankos,12.1,100.0,0.0,97.4,2.6,0.0,16.91,temperate,
Incrocio Terzi 1,12.1,100.0,0.0,25.8,40.2,34.0,18.09,warm,
Albalonga,12.0,100.0,16.7,83.3,0.0,0.0,15.13,temperate,
Deckrot,12.0,100.0,91.7,8.3,0.0,0.0,15.05,temperate,
Braquet Noir,11.9,100.0,0.0,0.0,0.0,100.0,19.3,hot,
Groppello di Revo,11.8,100.0,0.0,100.0,0.0,0.0,15.8,temperate,
Bianchetta Trevigiana,11.6,100.0,0.0,0.1,3.6,96.3,19.28,hot,
Persan,11.6,100.0,0.0,6.5,93.5,0.0,17.27,warm,
Vertes Csillaga,11.4,100.0,0.0,95.0,5.0,0.0,16.92,temperate,
Trevisana Nera,11.4,100.0,0.0,0.4,8.6,90.9,19.31,hot,
Bakator Belyi,11.3,100.0,0.0,0.0,100.0,0.0,17.7,warm,
Florental,11.3,100.0,0.5,96.3,3.3,0.0,15.97,temperate,
Carminoir,11.2,99.6,89.7,10.3,0.0,0.0,13.5,cool,
Dunav,11.2,100.0,0.0,0.0,100.0,0.0,17.2,warm,
Rotberger,11.2,100.0,82.1,17.9,0.0,0.0,14.48,cool,
Dona Joaquina,11.1,100.0,0.0,0.0,0.0,100.0,19.8,hot,
Corot Noir,11.1,100.0,0.0,13.9,10.9,75.2,18.51,warm,
Manteudo Preto,11.0,100.0,0.0,0.0,0.0,100.0,19.87,hot,
Valiant,11.0,100.0,0.0,100.0,0.0,0.0,16.5,temperate,
Terrantez,11.0,100.0,0.0,0.0,67.9,32.1,18.06,warm,
Retagliado Bianco,11.0,100.0,0.0,0.0,32.2,67.8,19.51,hot,
Petite Pearl,10.9,100.0,85.7,0.0,14.3,0.0,14.31,cool,
Brun Argente,10.9,100.0,0.0,0.0,26.1,73.9,19.18,hot,
Cabernet Carbon,10.9,99.4,97.8,2.2,0.0,0.0,14.88,cool,
Bondola,10.9,100.0,100.0,0.0,0.0,0.0,9.12,cool,
Leon Millot,10.7,0.0,,,,,,,
Flora,10.7,100.0,0.0,1.9,22.2,76.0,20.33,hot,
Planta Mula,10.7,100.0,0.0,94.8,0.0,5.2,16.73,temperate,
Tinta Martins,10.4,100.0,0.0,0.0,0.6,99.4,19.79,hot,
Gargiulo 45803,10.3,100.0,0.0,0.0,3.9,96.1,20.72,hot,
Usakhelouri,10.3,100.0,0.0,100.0,0.0,0.0,16.6,temperate,
Panonia,10.2,80.2,0.0,79.4,20.6,0.0,16.96,temperate,
Patorra,10.1,100.0,0.0,0.0,99.4,0.6,17.41,warm,
Ventura,10.1,100.0,0.0,100.0,0.0,0.0,15.5,temperate,
Elbling (R),10.0,100.0,100.0,0.0,0.0,0.0,14.4,cool,
Ner d'Ala,10.0,100.0,0.0,0.0,2.3,97.7,21.32,hot,
Divico,9.9,100.0,18.5,81.5,0.0,0.0,14.57,cool,
Mara,9.9,92.9,13.7,86.3,0.0,0.0,15.03,temperate,
Charmont,9.9,98.6,19.9,80.1,0.0,0.0,15.06,temperate,
Pozsonyi Fehér,9.6,100.0,0.0,100.0,0.0,0.0,16.89,temperate,
Ucelut,9.6,100.0,0.0,0.0,57.4,42.6,18.87,warm,
Swenson Red,9.6,100.0,0.0,100.0,0.0,0.0,16.5,temperate,
Monarch,9.6,100.0,96.5,3.5,0.0,0.0,14.9,cool,
Moscato di Scanzo,9.5,100.0,0.0,0.0,73.7,26.3,18.75,warm,
Garonnet,9.5,100.0,0.0,31.7,68.3,0.0,17.39,warm,
Ruby,9.2,100.0,1.1,1.0,2.9,95.0,20.86,hot,
Pecorello,9.2,100.0,0.0,0.0,14.6,85.4,19.35,hot,
Notardomenico,9.2,100.0,0.0,0.6,0.0,99.4,19.29,hot,
Quagliano,9.0,100.0,0.0,0.0,93.6,6.4,18.19,warm,
Superior Seedless,9.0,100.0,0.0,44.4,0.0,55.6,17.67,warm,
Teinturier,9.0,99.8,11.1,0.0,2.0,86.8,19.28,hot,
Tintem,8.9,100.0,0.0,0.0,0.0,100.0,19.8,hot,
Zala Gyoengye,8.8,0.0,,,,,,,
Nebbiera,8.7,100.0,0.0,0.0,87.9,12.1,18.93,warm,
Vien de Nus,8.7,100.0,66.3,0.0,0.0,33.7,16.11,temperate,
Quiebratinajas Tinto,8.7,100.0,0.0,7.7,0.0,92.3,19.68,hot,
Verduschia,8.6,100.0,0.0,0.0,0.0,100.0,19.35,hot,
Arrufiac,8.6,100.0,0.0,90.0,10.0,0.0,16.95,temperate,
Alionza,8.6,100.0,0.0,0.0,9.5,90.5,19.36,hot,
Saphira,8.5,100.0,29.3,70.7,0.0,0.0,15.15,temperate,
Barsaglina,8.5,100.0,0.0,0.0,8.5,91.5,19.2,hot,
Forastera,8.4,100.0,0.0,0.0,0.0,100.0,19.44,hot,
Sacy,8.3,100.0,0.0,100.0,0.0,0.0,15.65,temperate,
Frumoasa Alba,8.3,100.0,0.0,0.0,100.0,0.0,17.2,warm,
Piculit Neri,8.2,100.0,0.0,0.0,91.4,8.6,17.86,warm,
Blattner Reds,8.2,100.0,100.0,0.0,0.0,0.0,14.3,cool,
Osennii Ciornai,8.1,100.0,0.0,0.0,100.0,0.0,17.2,warm,
Batoca,8.1,100.0,0.0,0.0,61.6,38.4,18.32,warm,
Cornarea,8.1,100.0,0.0,0.0,8.9,91.1,19.35,hot,
Vincent,8.1,100.0,0.0,100.0,0.0,0.0,15.5,temperate,
Ehrenbreitsteiner,8.0,100.0,25.0,75.0,0.0,0.0,15.27,temperate,
Susumaniello,8.0,100.0,0.0,0.0,3.6,96.4,19.79,hot,
Colobel,7.9,100.0,0.0,100.0,0.0,0.0,15.91,temperate,
Merlese,7.7,100.0,0.0,0.0,8.3,91.7,19.3,hot,
Radisson,7.7,100.0,100.0,0.0,0.0,0.0,13.9,cool,
Fino de Ribera del Fresno,7.7,100.0,0.0,0.0,0.0,100.0,20.7,hot,
Crimson Seedless,7.5,100.0,0.0,86.7,0.0,13.3,17.11,warm,
Miorita,7.5,100.0,0.0,0.0,100.0,0.0,17.7,warm,
Bonda,7.4,100.0,0.0,0.0,0.1,99.9,19.3,hot,
Morone,7.3,100.0,0.0,0.0,8.4,91.6,19.26,hot,
Select,7.2,100.0,0.0,97.3,2.7,0.0,16.63,temperate,
Bácska,7.2,100.0,0.0,22.6,77.4,0.0,17.13,warm,
Osceola Muscat,7.0,100.0,100.0,0.0,0.0,0.0,13.54,cool,
Hegel,7.0,100.0,85.7,14.3,0.0,0.0,14.66,cool,
Palas,7.0,100.0,57.1,42.9,0.0,0.0,15.11,temperate,
Catanese Nero,6.9,100.0,0.0,0.0,1.4,98.6,20.41,hot,
Blattner Whites,6.9,100.0,100.0,0.0,0.0,0.0,14.3,cool,
Criolla Mediana,6.9,97.1,0.0,0.0,0.0,100.0,22.88,hot,
Catalanesca,6.9,100.0,0.0,0.0,33.5,66.5,19.07,hot,
Mondeuse Blanche,6.8,100.0,0.0,49.5,50.5,0.0,16.27,temperate,
Castela,6.8,100.0,0.0,0.0,18.7,81.3,19.35,hot,
Rubilande,6.8,100.0,0.0,86.8,0.0,13.2,16.37,temperate,
Madeleines,6.7,100.0,0.0,0.0,32.9,67.1,19.17,hot,
Roz de Minis,6.7,100.0,0.0,0.0,100.0,0.0,17.7,warm,
Kolor,6.7,100.0,0.0,84.4,15.6,0.0,16.09,temperate,
Jubiläumsrebe,6.6,100.0,10.0,90.0,0.0,0.0,15.72,temperate,
Orion,6.6,15.2,0.0,100.0,0.0,0.0,15.6,temperate,
Forsellina,6.6,100.0,0.0,0.0,0.0,100.0,19.32,hot,
Muscaris,6.6,64.1,100.0,0.0,0.0,0.0,14.01,cool,
Otskhanuri Sapere,6.4,100.0,0.0,100.0,0.0,0.0,16.6,temperate,
Khikhvi,6.4,100.0,0.0,100.0,0.0,0.0,16.6,temperate,
Raffiat de Moncade,6.4,100.0,0.0,100.0,0.0,0.0,16.9,temperate,
Rambella,6.3,100.0,0.0,0.0,0.3,99.7,19.38,hot,
Bronner,6.2,100.0,63.7,29.2,0.0,7.1,14.97,cool,
Cabernet Blanc,6.2,100.0,100.0,0.0,0.0,0.0,14.27,cool,
Rossara Trentina,6.2,100.0,0.0,0.2,0.0,99.8,19.28,hot,
Helios,6.2,100.0,100.0,0.0,0.0,0.0,14.81,cool,
Cove,6.1,100.0,0.0,0.0,1.4,98.6,19.28,hot,
Nehelescol,6.1,100.0,0.0,0.0,0.0,100.0,24.45,hot,
Cabernet Carol,6.1,98.0,100.0,0.0,0.0,0.0,15.0,temperate,
Galego Dourado,6.1,100.0,0.0,0.0,0.0,100.0,19.8,hot,
San Martino,6.1,100.0,0.0,0.0,42.5,57.5,18.9,warm,
Ravat Blanc,6.1,100.0,0.0,94.3,5.7,0.0,16.13,temperate,
Doux d'Henry,6.1,100.0,0.0,0.0,84.8,15.2,18.46,warm,
Dolciame,6.0,100.0,0.0,0.0,0.8,99.2,19.36,hot,
Neronet,6.0,100.0,0.0,100.0,0.0,0.0,15.6,temperate,
Budai Zöld,6.0,100.0,0.0,100.0,0.0,0.0,16.42,temperate,
Freisamer,6.0,90.1,100.0,0.0,0.0,0.0,14.11,cool,
Clarin,5.8,100.0,0.0,0.0,99.5,0.5,18.9,warm,
Mayolet,5.8,100.0,85.0,0.0,0.0,15.0,15.13,temperate,
Pelaverga Piccolo,5.7,100.0,0.0,0.0,16.0,84.0,19.14,hot,
Pallagrello Bianco,5.6,100.0,0.0,0.0,0.8,99.2,19.5,hot,
Petite Milo,5.6,100.0,100.0,0.0,0.0,0.0,13.3,cool,
Royal de Alloza,5.6,100.0,0.0,0.0,0.0,100.0,19.9,hot,
Lagarino Bianco,5.6,100.0,0.0,1.6,7.5,90.8,19.18,hot,
Madeleine Sylvaner,5.6,100.0,100.0,0.0,0.0,0.0,14.3,cool,
Rayon d'Or,5.6,100.0,0.0,100.0,0.0,0.0,15.7,temperate,
Carica l'Asino,5.5,100.0,0.0,0.0,19.6,80.4,19.41,hot,
Piccola Nera,5.5,100.0,0.1,0.0,45.8,54.2,19.3,hot,
Biancu Gentile,5.4,100.0,0.0,0.0,100.0,0.0,17.8,warm,
Vulcanus,5.4,100.0,0.0,100.0,0.0,0.0,16.47,temperate,
Rubin Tairovsky,5.2,100.0,0.0,0.0,100.0,0.0,17.2,warm,
Sirio,5.2,100.0,0.0,0.0,0.5,99.5,19.35,hot,
Louise Swenson,5.2,100.0,36.9,58.8,4.3,0.0,15.62,temperate,
Asirtiko Red,5.1,100.0,0.0,0.0,0.0,100.0,23.0,hot,
Gorgollasa,5.1,100.0,0.0,0.0,0.0,100.0,20.7,hot,
Rossese Bianco,5.1,100.0,0.0,0.0,21.2,78.8,19.12,hot,
Nocera,5.0,100.0,0.0,0.0,2.2,97.8,20.89,hot,
Dindarella,5.0,100.0,0.0,0.0,0.0,100.0,19.25,hot,
Marquinhas,5.0,100.0,0.0,0.0,0.0,100.0,19.8,hot,
Musann Blanc,5.0,100.0,0.0,0.0,0.0,100.0,25.5,hot,
Ar99,5.0,100.0,0.0,0.0,0.0,100.0,19.8,hot,
André,5.0,100.0,100.0,0.0,0.0,0.0,14.4,cool,
Adalmiina,4.9,100.0,100.0,0.0,0.0,0.0,13.9,cool,
Invernenga,4.9,100.0,0.0,0.0,91.2,8.8,18.52,warm,
Moscatello Selvatico,4.9,100.0,0.0,0.5,9.6,89.9,20.19,hot,
Completer,4.9,100.0,99.4,0.6,0.0,0.0,13.18,cool,
Goldtraminer,4.9,100.0,0.0,80.2,6.4,13.3,16.49,temperate,
Lariao,4.8,100.0,0.0,0.0,0.0,100.0,19.8,hot,
Pátria,4.8,100.0,0.0,100.0,0.0,0.0,16.01,temperate,
Original,4.8,100.0,0.0,0.0,100.0,0.0,17.2,warm,
Aranel,4.7,100.0,0.0,0.0,51.6,48.4,19.09,hot,
Isa,4.6,100.0,0.0,0.0,99.9,0.1,18.83,warm,
Sicilien,4.6,100.0,0.0,0.0,0.0,100.0,19.3,hot,
Preto Cardana,4.6,100.0,0.0,0.0,0.7,99.3,19.78,hot,
Varousset,4.5,100.0,0.0,0.0,87.7,12.3,18.68,warm,
Krassato,4.5,100.0,0.0,0.0,0.0,100.0,19.71,hot,
Etraire de l'Adui,4.5,100.0,0.0,0.0,100.0,0.0,17.2,warm,
Castiglione,4.4,100.0,0.0,0.0,20.7,79.3,19.18,hot,
Perigo,4.4,100.0,0.0,0.0,0.0,100.0,19.97,hot,
Castel,4.4,67.5,100.0,0.0,0.0,0.0,14.17,cool,
Santoal,4.3,100.0,0.0,0.0,0.0,100.0,19.8,hot,
Piroso,4.2,100.0,100.0,0.0,0.0,0.0,14.97,cool,
Malvasia Parda,4.2,100.0,0.0,0.0,26.5,73.5,19.16,hot,
Bokay,4.2,100.0,0.0,0.0,0.0,100.0,19.6,hot,
Cividin,4.2,100.0,0.0,0.0,13.0,87.0,19.2,hot,
Sercialinho,4.1,100.0,0.0,0.0,0.0,100.0,19.8,hot,
Karalahna,4.1,100.0,0.0,0.0,0.0,100.0,22.9,hot,
Karasakiz,4.1,100.0,0.0,0.0,0.0,100.0,22.9,hot,
Vasilaki,4.1,100.0,0.0,0.0,0.0,100.0,22.9,hot,
Recantina,4.1,100.0,0.0,0.0,0.0,100.0,19.45,hot,
Monvedro,4.0,100.0,0.0,0.0,0.0,100.0,19.9,hot,
Vineland 53035,4.0,100.0,100.0,0.0,0.0,0.0,13.3,cool,
Tarrango,4.0,100.0,0.0,0.0,0.0,100.0,21.0,hot,
Tinta Engomada,3.9,100.0,0.0,0.0,97.5,2.5,17.46,warm,
Schiava Grigia,3.9,100.0,6.6,26.1,8.7,58.6,18.18,warm,
Reliance,3.9,100.0,13.6,0.0,0.0,86.4,18.49,warm,
San Lunardo,3.7,100.0,0.0,11.8,4.4,83.8,19.15,hot,
Tinta Roseira,3.7,100.0,0.0,0.0,97.6,2.4,17.46,warm,
Bolero,3.7,0.0,,,,,,,
Bracciola Nera,3.6,100.0,0.0,0.0,16.7,83.3,20.15,hot,
Incrocio Bruni 54,3.5,100.0,0.0,0.0,30.3,69.7,19.35,hot,
Ekigaina,3.4,100.0,0.0,29.6,40.8,29.6,18.45,warm,
Passau,3.4,100.0,0.0,0.0,69.6,30.4,19.05,hot,
Sciaglin,3.4,100.0,0.0,0.0,61.4,38.6,18.82,warm,
Ervi,3.4,100.0,0.0,0.0,2.5,97.5,19.3,hot,
Tinta do Rodo,3.3,100.0,0.0,0.0,0.0,100.0,19.8,hot,
Gouget Noir,3.3,100.0,0.0,100.0,0.0,0.0,15.5,temperate,
Lomanto,3.3,100.0,0.0,0.0,0.0,100.0,25.0,hot,
Promissao,3.2,100.0,0.0,0.0,19.4,80.6,19.33,hot,
Rabo de Lobo,3.2,100.0,0.0,0.0,0.0,100.0,19.8,hot,
Palatina,3.2,100.0,0.0,100.0,0.0,0.0,16.81,temperate,
Tinta Castañal,3.2,100.0,0.0,0.0,98.7,1.3,17.26,warm,
VB 32-7,3.2,100.0,100.0,0.0,0.0,0.0,13.57,cool,
Amurg,3.2,100.0,0.0,0.0,100.0,0.0,17.7,warm,
Exalta,3.2,100.0,0.0,92.7,6.3,1.0,17.05,warm,
Malvarisco,3.2,100.0,0.0,0.0,77.6,22.4,17.94,warm,
Landot Noir,3.1,100.0,0.0,82.9,17.1,0.0,16.37,temperate,
Haiduc,3.1,100.0,0.0,0.0,100.0,0.0,17.7,warm,
Ganson,3.1,100.0,0.0,1.6,63.7,34.7,19.01,hot,
Trobat,3.1,100.0,0.0,0.0,0.0,100.0,20.38,hot,
Bussanello,3.1,100.0,0.0,15.5,64.2,20.2,18.1,warm,
Moscadet,3.1,100.0,0.0,0.0,80.9,19.1,17.86,warm,
Monerac,3.0,100.0,0.0,0.0,100.0,0.0,18.82,warm,
Madeleine Royale,3.0,100.0,0.0,0.0,83.5,16.5,17.96,warm,
Souvignier Gris,3.0,100.0,100.0,0.0,0.0,0.0,13.03,cool,
Verdesse,3.0,100.0,0.0,0.0,86.6,13.4,18.04,warm,
Fogarina,3.0,100.0,0.0,0.0,0.0,100.0,19.48,hot,
Sovereign Opal,3.0,100.0,100.0,0.0,0.0,0.0,14.3,cool,
Favorit,2.9,100.0,0.0,10.5,89.5,0.0,17.16,warm,
Malvasia di Sardegna Rosada,2.9,100.0,0.0,0.0,85.3,14.7,17.75,warm,
Vuillermin,2.9,100.0,22.9,0.0,0.0,77.1,18.08,warm,
Muscat of Alexandria (R),2.8,100.0,0.0,0.0,0.0,100.0,21.17,hot,
Pexem,2.8,100.0,0.0,0.0,34.5,65.5,19.23,hot,
Batuta Neagra,2.8,100.0,0.0,0.0,100.0,0.0,17.7,warm,
Çavuş,2.8,100.0,0.0,0.0,0.0,100.0,22.9,hot,
Petit Meslier,2.8,100.0,100.0,0.0,0.0,0.0,14.6,cool,
Triomphe,2.8,100.0,100.0,0.0,0.0,0.0,13.36,cool,
Forgiarin,2.8,100.0,0.0,0.0,37.8,62.2,18.98,warm,
Gramon,2.8,100.0,0.0,0.0,61.8,38.2,19.02,hot,
Canela,2.8,100.0,0.0,0.0,42.9,57.1,19.76,hot,
Aromella,2.8,100.0,0.0,0.0,100.0,0.0,17.4,warm,
Mourvaison,2.7,100.0,0.0,0.0,0.0,100.0,19.3,hot,
Guzun,2.7,100.0,0.0,0.0,100.0,0.0,17.2,warm,
Lambrusco Barghi,2.7,100.0,0.0,0.0,4.2,95.8,19.92,hot,
Muscat Bleu,2.7,100.0,99.8,0.2,0.0,0.0,14.44,cool,
Gargiulo 4113,2.6,42.3,0.0,0.0,0.0,100.0,21.2,hot,
Flavis,2.6,100.0,0.0,0.0,0.0,100.0,19.33,hot,
Cabaret Noir,2.6,92.9,87.9,12.1,0.0,0.0,13.52,cool,
Turchetta,2.5,100.0,0.0,0.0,0.0,100.0,19.41,hot,
Riesling Forte,2.5,100.0,0.0,0.0,13.6,86.4,18.95,warm,
Lauzet,2.5,100.0,0.0,100.0,0.0,0.0,16.9,temperate,
Verdial Tinto,2.5,100.0,0.0,0.0,0.4,99.6,19.79,hot,
Barreto de Semente,2.5,100.0,0.0,0.0,81.8,18.2,17.84,warm,
Bakator Kék,2.4,100.0,0.0,100.0,0.0,0.0,16.55,temperate,
Fubiano,2.4,100.0,0.0,0.0,4.4,95.6,19.44,hot,
Albaranzeuli Bianco,2.4,100.0,0.0,0.0,0.1,99.9,20.04,hot,
Swenson White,2.4,100.0,100.0,0.0,0.0,0.0,13.9,cool,
Termarina Rossa,2.4,100.0,2.9,0.0,0.0,97.1,19.17,hot,
Sennen,2.3,100.0,0.0,11.6,0.0,88.4,19.14,hot,
Grapariol,2.3,100.0,0.0,0.0,0.0,100.0,19.3,hot,
Kocsis Irma,2.3,100.0,0.0,69.7,30.3,0.0,16.82,temperate,
Aledo,2.3,100.0,0.0,0.0,0.0,100.0,20.1,hot,
Perlette,2.2,100.0,0.0,0.5,10.8,88.6,20.15,hot,
Lambrusco,2.2,100.0,0.0,0.0,0.0,100.0,19.6,hot,
Bequignol Gris,2.2,100.0,0.0,100.0,0.0,0.0,16.18,temperate,
Albanello,2.1,100.0,0.0,0.0,6.7,93.3,20.76,hot,
Rozala Bianca,2.1,100.0,0.0,100.0,0.0,0.0,16.12,temperate,
Rosaki,2.1,100.0,0.0,0.0,0.0,100.0,20.94,hot,
Castelo Branco,2.1,100.0,0.0,0.0,0.0,100.0,19.8,hot,
Colomino,2.1,100.0,0.0,0.0,0.0,100.0,24.73,hot,
Sauvignac,2.1,100.0,92.3,7.7,0.0,0.0,13.05,cool,
Oraniensteiner,2.1,100.0,100.0,0.0,0.0,0.0,14.3,cool,
Mourisco de Trevoes,2.0,100.0,0.0,0.0,73.9,26.1,18.03,warm,
Weldra,2.0,100.0,0.0,0.0,0.0,100.0,21.3,hot,
Mariensteiner,2.0,100.0,50.0,50.0,0.0,0.0,15.0,temperate,
Fertilia,2.0,100.0,0.0,3.3,1.5,95.2,19.1,hot,
Boal Vencedor,2.0,100.0,0.0,0.0,0.0,100.0,19.8,hot,
Reberger,2.0,100.0,50.0,50.0,0.0,0.0,14.8,cool,
Perdea,2.0,100.0,0.0,73.3,26.7,0.0,17.31,warm,
New York Muscat and VG4111,2.0,100.0,0.0,100.0,0.0,0.0,15.69,temperate,
Hölder,2.0,100.0,50.0,50.0,0.0,0.0,15.05,temperate,
Prinzipal,2.0,100.0,50.0,50.0,0.0,0.0,14.85,cool,
Danuta,2.0,100.0,0.0,0.0,99.7,0.3,18.9,warm,
Jurançon Blanc,1.9,100.0,0.0,96.8,3.2,0.0,16.66,temperate,
Jázmin,1.9,100.0,0.0,0.0,100.0,0.0,17.29,warm,
Perera,1.9,100.0,0.0,0.0,1.4,98.6,19.42,hot,
Rose Ciotat,1.9,100.0,0.0,0.0,13.6,86.4,19.47,hot,
Campanario,1.9,100.0,0.0,0.0,0.0,100.0,19.8,hot,
Triunfo,1.9,100.0,0.0,0.0,58.7,41.3,18.39,warm,
Cabral,1.9,100.0,0.0,0.0,80.4,19.6,17.87,warm,
Branco Escola,1.9,100.0,0.0,0.0,100.0,0.0,17.4,warm,
Sárfehér,1.9,100.0,0.0,95.2,4.8,0.0,16.23,temperate,
Lado,1.9,100.0,0.0,0.0,100.0,0.0,17.2,warm,
Alvar Roxo,1.8,100.0,0.0,0.0,0.0,100.0,19.8,hot,
Cabernet Foch,1.8,100.0,100.0,0.0,0.0,0.0,13.3,cool,
Kay Gray,1.8,100.0,27.9,72.1,0.0,0.0,15.78,temperate,
Olivette Blanche,1.8,100.0,0.0,0.0,0.0,100.0,19.3,hot,
Espirit,1.8,100.0,0.0,0.0,100.0,0.0,18.3,warm,
Impigno,1.7,100.0,0.0,0.0,0.0,100.0,19.71,hot,
Mars,1.7,100.0,0.0,0.0,0.0,100.0,19.3,hot,
Alutus,1.7,100.0,0.0,0.0,100.0,0.0,17.7,warm,
Siegfriedrebe,1.7,100.0,100.0,0.0,0.0,0.0,13.3,cool,
Cordenossa,1.7,100.0,0.0,0.0,22.3,77.7,19.02,hot,
David Macgregor 8521-1,1.7,100.0,100.0,0.0,0.0,0.0,13.9,cool,
Eona,1.7,100.0,100.0,0.0,0.0,0.0,13.9,cool,
Blattner Cal 1-28,1.7,100.0,94.7,5.3,0.0,0.0,14.09,cool,
Baratuciat,1.7,100.0,0.0,0.0,56.4,43.6,18.64,warm,
Francavidda,1.6,100.0,0.0,0.0,21.2,78.8,20.49,hot,
Red Millennium,1.6,100.0,0.0,0.0,13.6,86.4,19.47,hot,
Folha de Figueira,1.6,100.0,0.0,0.0,0.0,100.0,19.8,hot,
Cabertin,1.6,93.3,78.8,21.2,0.0,0.0,14.03,cool,
Uva del Tunde,1.6,100.0,0.0,0.0,0.0,100.0,19.41,hot,
Muscat de Bugeac,1.6,100.0,0.0,0.0,100.0,0.0,17.2,warm,
Margot,1.6,100.0,0.0,0.0,0.0,100.0,19.6,hot,
Babosa de Madere,1.6,100.0,0.0,0.0,71.4,28.6,18.09,warm,
Cellerina,1.6,100.0,0.0,0.0,100.0,0.0,18.1,warm,
Santa Maria,1.6,100.0,0.0,0.0,3.6,96.4,19.45,hot,
Scimiscia,1.6,100.0,0.0,0.0,11.9,88.1,19.96,hot,
Lafnetscha,1.5,100.0,100.0,0.0,0.0,0.0,14.8,cool,
Csókaszőlő,1.5,100.0,0.0,72.0,28.0,0.0,16.61,temperate,
Piquepoul Gris,1.5,100.0,0.0,0.0,83.7,16.3,18.97,warm,
Chelois,1.5,100.0,0.0,100.0,0.0,0.0,16.02,temperate,
Cinsaut (G),1.5,100.0,0.0,0.0,0.0,100.0,20.9,hot,
Erbamat,1.5,100.0,0.0,7.6,20.8,71.6,18.82,warm,
Roussin,1.5,100.0,0.0,0.0,2.7,97.3,19.38,hot,
Melara,1.5,100.0,0.0,0.0,19.9,80.1,19.27,hot,
Orpheus,1.5,100.0,0.0,100.0,0.0,0.0,16.9,temperate,
Somerset Seedless,1.4,100.0,100.0,0.0,0.0,0.0,13.9,cool,
Pionnier,1.4,100.0,100.0,0.0,0.0,0.0,13.9,cool,
Bric,1.4,100.0,0.0,0.0,17.3,82.7,19.2,hot,
Apiren Alb,1.4,100.0,0.0,0.0,100.0,0.0,17.2,warm,
Carignan Bouschet,1.4,100.0,0.0,0.0,100.0,0.0,18.9,warm,
Cabernet Cantor,1.4,93.1,100.0,0.0,0.0,0.0,14.16,cool,
Cavrara,1.4,100.0,0.0,0.0,0.0,100.0,20.9,hot,
Muskat Zhemchuzhnyi,1.4,100.0,0.0,0.0,100.0,0.0,17.2,warm,
Pinot Noir Precoce,1.4,0.0,,,,,,,
Moradella,1.4,100.0,0.0,0.0,73.6,26.4,18.8,warm,
Uvalino,1.4,100.0,0.0,0.0,100.0,0.0,18.1,warm,
Semebat,1.4,100.0,0.0,93.2,6.8,0.0,17.02,warm,
Cabernet Dore,1.3,100.0,0.0,0.0,0.0,100.0,19.3,hot,
Cianorie,1.3,100.0,0.0,0.0,48.0,52.0,18.88,warm,
Milgranet,1.3,100.0,0.0,0.0,100.0,0.0,17.4,warm,
Crimson Cabernet,1.3,100.0,0.0,0.0,0.0,100.0,19.3,hot,
Blattner Cal 1-36,1.3,100.0,93.2,6.8,0.0,0.0,14.47,cool,
Arbane,1.3,100.0,100.0,0.0,0.0,0.0,14.6,cool,
Courbu Noir,1.3,100.0,0.0,94.3,5.7,0.0,16.93,temperate,
Estreito Macio,1.3,100.0,0.0,0.0,0.0,100.0,19.8,hot,
Liliorila,1.3,100.0,6.4,87.8,5.9,0.0,16.35,temperate,
Champanel,1.3,100.0,0.0,0.0,0.0,100.0,25.9,hot,
Codivarta,1.3,100.0,0.0,0.0,100.0,0.0,17.8,warm,
Hasansky Sladky,1.3,100.0,93.3,0.0,6.7,0.0,14.19,cool,
Yubilei Zhuravlya,1.2,100.0,0.0,0.0,100.0,0.0,17.2,warm,
Rosina,1.2,100.0,0.0,0.0,100.0,0.0,17.7,warm,
Tinta Mesquita,1.2,100.0,0.0,0.0,100.0,0.0,17.4,warm,
Centennial Seedless,1.2,100.0,0.0,0.0,0.0,100.0,21.5,hot,
Grangeal,1.2,100.0,0.0,0.0,93.2,6.8,17.56,warm,
Marquis,1.2,100.0,0.0,0.0,100.0,0.0,17.4,warm,
Graisse,1.2,100.0,0.0,86.9,13.1,0.0,16.97,temperate,
Baron,1.1,100.0,100.0,0.0,0.0,0.0,14.95,cool,
Perlaut,1.1,100.0,0.0,0.0,46.4,53.6,19.11,hot,
Castellana Blanca,1.1,100.0,0.0,0.0,0.0,100.0,22.1,hot,
Timpuriu de Cluj,1.1,100.0,0.0,0.0,100.0,0.0,17.7,warm,
Ripolo,1.1,100.0,0.0,0.0,0.0,100.0,19.3,hot,
Petit Courbu,1.1,100.0,0.0,29.3,70.7,0.0,17.25,warm,
Réselle,1.1,81.8,100.0,0.0,0.0,0.0,14.32,cool,
Rosciola,1.1,100.0,0.0,0.0,0.0,100.0,19.44,hot,
Nigra,1.1,100.0,0.0,0.0,0.9,99.1,20.6,hot,
Tinta Varejoa,1.1,100.0,0.0,0.0,100.0,0.0,17.4,warm,
Trilla,1.1,100.0,0.0,100.0,0.0,0.0,16.0,temperate,
Batily,1.1,100.0,0.0,0.0,0.0,100.0,19.9,hot,
Marfal,1.1,100.0,0.0,0.0,0.0,100.0,21.16,hot,
Accent,1.0,100.0,100.0,0.0,0.0,0.0,14.2,cool,
Ar110,1.0,100.0,0.0,0.0,0.0,100.0,19.8,hot,
Merzling,1.0,100.0,100.0,0.0,0.0,0.0,14.4,cool,
Yaqui,1.0,100.0,0.0,0.0,0.0,100.0,21.5,hot,
Borsmenta,1.0,100.0,0.0,0.0,100.0,0.0,17.2,warm,
Geilweilerhof Ga- 48- 12,1.0,100.0,100.0,0.0,0.0,0.0,14.33,cool,
Tronto,1.0,100.0,0.0,0.0,0.0,100.0,19.5,hot,
Fontanara,1.0,100.0,100.0,0.0,0.0,0.0,14.4,cool,
Septimer,1.0,100.0,0.0,100.0,0.0,0.0,15.6,temperate,
Imperial Seedless,1.0,100.0,0.0,100.0,0.0,0.0,15.6,temperate,
Gascon,1.0,100.0,0.0,100.0,0.0,0.0,15.7,temperate,
Silcher,1.0,100.0,100.0,0.0,0.0,0.0,14.5,cool,
Birstaler Muskat,1.0,100.0,99.5,0.5,0.0,0.0,14.73,cool,
Donaris,1.0,100.0,0.0,0.0,100.0,0.0,17.7,warm,
Rosa Arica,1.0,100.0,0.0,0.0,0.0,100.0,19.8,hot,
Romulus,1.0,100.0,0.0,0.0,100.0,0.0,17.2,warm,
Rayada Melonera,1.0,100.0,0.0,0.0,1.1,98.9,19.77,hot,
Tinta Pereira,1.0,100.0,0.0,0.0,10.9,89.1,19.54,hot,
Ruggine,0.9,100.0,0.0,0.0,2.7,97.3,19.63,hot,
Sovereign Coronation,0.9,100.0,34.3,65.7,0.0,0.0,14.87,cool,
Rabigato Moreno,0.9,100.0,0.0,0.0,100.0,0.0,17.4,warm,
Calrao,0.9,100.0,0.0,0.0,0.0,100.0,19.95,hot,
Cabernet Soyhières,0.9,100.0,100.0,0.0,0.0,0.0,14.43,cool,
Dona Zillá,0.9,100.0,0.0,0.0,0.0,100.0,19.6,hot,
Joannes Seyve,0.9,100.0,0.0,100.0,0.0,0.0,16.9,temperate,
Arcas,0.9,100.0,0.0,0.0,100.0,0.0,17.7,warm,
Korona,0.9,100.0,0.0,100.0,0.0,0.0,16.08,temperate,
Pecsi Szagos,0.8,100.0,0.0,0.0,100.0,0.0,17.2,warm,
VB 91-26-25,0.8,100.0,100.0,0.0,0.0,0.0,9.5,cool,
Ederena,0.8,100.0,2.4,97.6,0.0,0.0,16.71,temperate,
Pampanaro,0.8,100.0,0.0,0.0,0.0,100.0,19.96,hot,
Fenile,0.8,100.0,0.0,0.0,11.1,88.9,20.97,hot,
Roussette d'Ayze,0.8,100.0,0.0,0.0,100.0,0.0,17.2,warm,
Samarrinho,0.8,100.0,0.0,0.0,55.6,44.4,18.47,warm,
Dedo de Dama,0.8,100.0,0.0,0.0,96.0,4.0,17.5,warm,
Incrocio Bianco Fedit 51,0.8,100.0,0.0,0.0,55.1,44.9,19.43,hot,
Roal,0.8,100.0,0.0,0.0,0.0,100.0,19.91,hot,
Coracao de Galo,0.8,100.0,0.0,0.0,39.4,60.6,18.85,warm,
Michele Palieri,0.7,100.0,0.0,0.0,0.0,100.0,22.1,hot,
Picardan,0.7,100.0,0.0,0.0,6.6,93.4,19.16,hot,
Pelso,0.7,100.0,0.0,100.0,0.0,0.0,16.2,temperate,
Ignea,0.7,100.0,0.0,0.0,0.0,100.0,19.3,hot,
Goncalo Pires,0.7,100.0,0.0,0.0,84.4,15.6,17.78,warm,
Roviello Bianco,0.7,100.0,0.0,9.5,80.8,9.7,18.13,warm,
Claverie,0.7,100.0,0.0,99.8,0.2,0.0,16.9,temperate,
Ravat,0.7,100.0,0.0,100.0,0.0,0.0,15.7,temperate,
Oeillade Bousche,0.7,100.0,0.0,0.0,100.0,0.0,18.9,warm,
Osteiner,0.7,100.0,100.0,0.0,0.0,0.0,14.1,cool,
Bouillet,0.7,100.0,0.0,100.0,0.0,0.0,16.9,temperate,
Kosmopolita,0.7,0.0,,,,,,,
Tinta de Cidadelhe,0.7,100.0,0.0,0.0,100.0,0.0,17.4,warm,
Parreira Matias,0.7,100.0,0.0,0.0,0.0,100.0,19.8,hot,
Tamarugal,0.7,100.0,0.0,0.0,0.0,100.0,19.5,hot,
Aubin Blanc,0.7,100.0,16.9,0.0,0.0,83.1,18.56,warm,
Augster Weiss,0.7,100.0,0.0,100.0,0.0,0.0,16.23,temperate,
Gouais Blanc,0.7,100.0,100.0,0.0,0.0,0.0,14.8,cool,
Negru Aromat,0.7,100.0,0.0,0.0,100.0,0.0,17.7,warm,
Unirea,0.6,100.0,0.0,0.0,100.0,0.0,17.7,warm,
Andor,0.6,100.0,0.0,0.0,100.0,0.0,17.2,warm,
Tinta da Melra,0.6,100.0,0.0,0.0,80.0,20.0,17.88,warm,
Kentville White 94-2,0.6,100.0,100.0,0.0,0.0,0.0,13.3,cool,
Rouge de Fully,0.6,100.0,100.0,0.0,0.0,0.0,14.8,cool,
Perla dei Vivi,0.6,100.0,0.0,1.7,0.0,98.3,19.98,hot,
Mézes Fehér,0.6,100.0,0.0,100.0,0.0,0.0,16.59,temperate,
Black Prince,0.6,100.0,0.0,100.0,0.0,0.0,16.7,temperate,
Mandon,0.6,100.0,0.0,20.1,0.0,79.9,19.12,hot,
Pe Comprido,0.6,100.0,0.0,0.0,24.9,75.1,19.2,hot,
BX 81-83,0.6,100.0,100.0,0.0,0.0,0.0,9.0,cool,
Montreal Blues,0.6,100.0,100.0,0.0,0.0,0.0,13.9,cool,
Mindelo,0.5,100.0,0.0,0.0,48.2,51.8,18.64,warm,
Assaraky,0.5,100.0,0.0,0.0,0.0,100.0,19.8,hot,
Balada,0.5,100.0,0.0,0.0,100.0,0.0,17.7,warm,
Cornichon Blanc,0.5,100.0,0.0,0.0,0.0,100.0,20.7,hot,
Rio Grande,0.5,100.0,0.0,0.0,0.0,100.0,19.33,hot,
Tinta Valdosa,0.5,100.0,0.0,0.0,22.9,77.1,19.25,hot,
Okanagan Riesling,0.5,100.0,100.0,0.0,0.0,0.0,13.9,cool,
Capolongo,0.5,100.0,0.0,0.0,0.0,100.0,20.52,hot,
Gamba Rossa,0.5,100.0,0.0,0.0,71.2,28.8,18.39,warm,
Ginestra,0.5,100.0,0.0,0.0,6.9,93.1,20.8,hot,
Csomorika,0.5,100.0,0.0,76.5,23.5,0.0,16.36,temperate,
Sao Mamede,0.5,100.0,0.0,0.0,81.7,18.3,17.84,warm,
Himrod,0.5,100.0,0.0,100.0,0.0,0.0,16.2,temperate,
Táltos,0.5,100.0,0.0,100.0,0.0,0.0,16.8,temperate,
Meszi Kadarka,0.5,100.0,0.0,0.0,100.0,0.0,17.2,warm,
Ondenc,0.5,100.0,0.0,82.8,17.2,0.0,16.99,temperate,
Caramela,0.4,100.0,0.0,0.0,83.1,16.9,17.8,warm,
Nevoeira,0.4,100.0,0.0,0.0,97.5,2.5,17.46,warm,
Dattier de St. Vallier,0.4,100.0,0.0,0.0,100.0,0.0,18.9,warm,
Canadice,0.4,100.0,42.0,58.0,0.0,0.0,14.98,cool,
Tardia de Caxias,0.4,100.0,0.0,0.0,0.0,100.0,19.6,hot,
Refrén,0.4,100.0,0.0,100.0,0.0,0.0,16.9,temperate,
Apiren Roz,0.4,100.0,0.0,0.0,100.0,0.0,17.2,warm,
Michurinets,0.4,100.0,100.0,0.0,0.0,0.0,14.3,cool,
Uva Cao,0.4,100.0,0.0,0.0,2.6,97.4,19.74,hot,
Breidecker,0.4,100.0,100.0,0.0,0.0,0.0,14.1,cool,
Lecinaro,0.4,100.0,0.0,0.0,0.0,100.0,19.7,hot,
Kalina,0.4,100.0,100.0,0.0,0.0,0.0,14.6,cool,
Cabernet Diane,0.4,100.0,0.0,0.0,0.0,100.0,19.3,hot,
Mamaia,0.4,100.0,0.0,0.0,100.0,0.0,17.7,warm,
Malingre Precoce,0.4,100.0,0.0,100.0,0.0,0.0,15.9,temperate,
Maiolina,0.4,100.0,0.0,0.0,64.2,35.8,18.7,warm,
Blattner Cal 1-20,0.4,59.8,12.0,88.0,0.0,0.0,15.28,temperate,
Dodrelyabi,0.4,100.0,0.0,0.0,0.0,100.0,19.5,hot,
Espadeiro Mole,0.4,100.0,0.0,0.0,0.0,100.0,19.8,hot,
Kunbarát,0.4,100.0,0.0,100.0,0.0,0.0,16.9,temperate,
VB Cal 6-04 N5,0.4,100.0,100.0,0.0,0.0,0.0,14.51,cool,
Magyarfrankos,0.3,100.0,0.0,100.0,0.0,0.0,16.8,temperate,
Naia,0.3,100.0,0.0,0.0,0.0,100.0,19.8,hot,
Jádorvány,0.3,100.0,0.0,3.1,96.9,0.0,16.97,temperate,
Crovassa,0.3,100.0,0.0,0.0,0.0,100.0,19.38,hot,
Purcsin,0.3,100.0,0.0,100.0,0.0,0.0,15.8,temperate,
Gouveio Preto,0.3,100.0,0.0,0.0,100.0,0.0,17.4,warm,
Einset Seedless,0.3,100.0,100.0,0.0,0.0,0.0,13.3,cool,
Calmeria,0.3,100.0,0.0,0.0,0.0,100.0,19.9,hot,
Pinorico,0.3,100.0,100.0,0.0,0.0,0.0,14.6,cool,
Granho,0.3,100.0,0.0,0.0,0.0,100.0,19.8,hot,
Gesztus,0.3,100.0,0.0,100.0,0.0,0.0,16.87,temperate,
Taurus,0.3,100.0,0.0,100.0,0.0,0.0,16.4,temperate,
Siramé,0.3,100.0,100.0,0.0,0.0,0.0,14.32,cool,
Clinton,0.3,100.0,100.0,0.0,0.0,0.0,9.59,cool,
Boal Barreiro,0.3,100.0,0.0,0.0,0.0,100.0,19.8,hot,
Beogradska Crna,0.3,100.0,0.0,0.0,0.0,100.0,21.0,hot,
Blattner Cal 1-22,0.3,100.0,100.0,0.0,0.0,0.0,13.58,cool,
VB 91-26-27,0.3,100.0,100.0,0.0,0.0,0.0,9.51,cool,
Terrantez do Pico,0.3,100.0,0.0,0.0,85.8,14.2,17.74,warm,
Danam,0.3,100.0,0.0,0.0,0.0,100.0,19.3,hot,
Valveirinha,0.3,100.0,0.0,0.0,100.0,0.0,17.4,warm,
Minnesota Muscat,0.3,100.0,100.0,0.0,0.0,0.0,13.3,cool,
Excelsior,0.3,100.0,100.0,0.0,0.0,0.0,14.21,cool,
Roxo Rei,0.3,100.0,0.0,0.0,38.1,61.9,18.89,warm,
Kentville White 94-1,0.3,100.0,100.0,0.0,0.0,0.0,13.3,cool,
Leira,0.3,100.0,0.0,0.0,0.0,100.0,19.8,hot,
Tressot,0.3,100.0,0.0,100.0,0.0,0.0,15.7,temperate,
Ahmeur Bou Ahmeur,0.3,100.0,0.0,0.0,0.0,100.0,19.5,hot,
Abondant,0.3,100.0,0.0,32.9,67.1,0.0,17.81,warm,
Úrréti,0.3,100.0,0.0,100.0,0.0,0.0,16.5,temperate,
Vênus,0.3,100.0,0.0,0.0,0.0,100.0,19.6,hot,
VB 91-26-26,0.3,100.0,100.0,0.0,0.0,0.0,9.24,cool,
Lameiro,0.3,100.0,0.0,0.0,67.4,32.6,18.18,warm,
Odola,0.3,100.0,0.0,100.0,0.0,0.0,16.9,temperate,
Augustovski,0.3,100.0,0.0,0.0,100.0,0.0,17.2,warm,
Mondet,0.3,100.0,0.0,0.0,70.5,29.5,18.11,warm,
Astra,0.2,100.0,0.0,0.0,100.0,0.0,17.7,warm,
Alvar Branco,0.2,100.0,0.0,0.0,0.0,100.0,19.8,hot,
Cinsaut (W),0.2,100.0,0.0,0.0,0.0,100.0,21.0,hot,
Stavroto,0.2,100.0,0.0,0.0,0.0,100.0,19.9,hot,
Merlot Khorus,0.2,100.0,100.0,0.0,0.0,0.0,9.0,cool,
Aramont,0.2,100.0,0.0,0.0,0.0,100.0,21.5,hot,
Branco Sr. Joao,0.2,100.0,0.0,0.0,5.2,94.8,19.68,hot,
Kozmopoliten,0.2,100.0,0.0,0.0,100.0,0.0,17.2,warm,
Kat.E.Lin,0.2,100.0,100.0,0.0,0.0,0.0,13.3,cool,
Veruccese,0.2,100.0,0.0,0.0,43.2,56.8,18.44,warm,
Pepella,0.2,100.0,0.0,0.0,0.0,100.0,19.38,hot,
Blanc Dame,0.2,100.0,0.0,100.0,0.0,0.0,16.9,temperate,
Himbertscha,0.2,100.0,97.6,2.4,0.0,0.0,14.81,cool,
MRAC 1099,0.2,100.0,92.6,7.4,0.0,0.0,9.47,cool,
Heuréka,0.2,100.0,0.0,100.0,0.0,0.0,16.85,temperate,
Hamvas,0.2,100.0,0.0,100.0,0.0,0.0,16.2,temperate,
MRAC 1087,0.2,100.0,91.7,8.3,0.0,0.0,9.53,cool,
Cidreiro,0.2,100.0,0.0,0.0,0.0,100.0,19.8,hot,
Colmar Precoce Noir,0.2,100.0,100.0,0.0,0.0,0.0,13.3,cool,
KW 96-2,0.2,100.0,100.0,0.0,0.0,0.0,13.3,cool,
Malvia,0.2,100.0,0.0,0.0,100.0,0.0,17.4,warm,
Verdial,0.2,100.0,0.0,0.0,0.0,100.0,19.8,hot,
Rubinovy Magaracha,0.2,100.0,15.4,1.6,56.2,26.8,17.88,warm,
Docal,0.2,100.0,0.0,0.0,73.0,27.0,18.05,warm,
Lourela,0.2,100.0,0.0,0.0,4.5,95.5,19.69,hot,
Nosztori Rizling,0.2,100.0,0.0,30.4,69.6,0.0,17.02,warm,
Knipperlé,0.2,100.0,0.0,100.0,0.0,0.0,15.6,temperate,
Mergeritar,0.2,100.0,0.0,0.0,100.0,0.0,17.2,warm,
Chardoris,0.2,100.0,100.0,0.0,0.0,0.0,13.6,cool,
Divona,0.2,100.0,28.6,71.4,0.0,0.0,13.57,cool,
Roxo de Vila Flor,0.2,100.0,0.0,0.0,0.0,100.0,19.8,hot,
Eyholzer Rote,0.2,100.0,100.0,0.0,0.0,0.0,14.8,cool,
Roter Milan,0.2,100.0,100.0,0.0,0.0,0.0,13.6,cool,
Pinotin,0.2,100.0,100.0,0.0,0.0,0.0,14.6,cool,
Delhro,0.2,100.0,0.0,0.0,100.0,0.0,18.9,warm,
Saint-Pierre Dore,0.2,100.0,0.0,100.0,0.0,0.0,15.5,temperate,
Verdelho l'Anjou,0.1,100.0,0.0,100.0,0.0,0.0,15.9,temperate,
Seibel White,0.1,100.0,0.0,0.0,100.0,0.0,17.2,warm,
MRAC 1817,0.1,100.0,87.3,12.7,0.0,0.0,9.81,cool,
Luzidio,0.1,100.0,0.0,0.0,0.0,100.0,19.8,hot,
Mireille,0.1,100.0,0.0,0.0,0.0,100.0,19.3,hot,
Augster Blau,0.1,100.0,0.0,100.0,0.0,0.0,16.8,temperate,
Paolina,0.1,100.0,0.0,0.0,0.0,100.0,20.7,hot,
Fleurtai,0.1,100.0,100.0,0.0,0.0,0.0,9.0,cool,
Laska,0.1,100.0,0.0,100.0,0.0,0.0,16.8,temperate,
Cabernet Early,0.1,100.0,100.0,0.0,0.0,0.0,9.0,cool,
Cabernet x Maréchal Foch,0.1,100.0,100.0,0.0,0.0,0.0,12.37,cool,
Carbernet Volos,0.1,100.0,100.0,0.0,0.0,0.0,9.0,cool,
Canner Seedless,0.1,100.0,0.0,0.0,100.0,0.0,18.9,warm,
Donzelinho Roxo,0.1,100.0,0.0,0.0,85.1,14.9,17.76,warm,
Malvasia Romana,0.1,100.0,0.0,0.0,68.5,31.5,18.16,warm,
UD 31103,0.1,100.0,100.0,0.0,0.0,0.0,9.0,cool,
Golia,0.1,100.0,0.0,0.0,100.0,0.0,17.7,warm,
Deliciosa,0.1,100.0,0.0,0.0,0.0,100.0,19.8,hot,
Delisle,0.1,100.0,100.0,0.0,0.0,0.0,13.9,cool,
Grassen,0.1,100.0,0.0,0.0,0.0,100.0,19.3,hot,
Beclan,0.1,100.0,0.0,100.0,0.0,0.0,15.9,temperate,
Blattner Cal 1-31,0.1,100.0,100.0,0.0,0.0,0.0,9.0,cool,
Soreli,0.1,100.0,100.0,0.0,0.0,0.0,9.0,cool,
Jardovany Fekete,0.1,100.0,0.0,100.0,0.0,0.0,16.1,temperate,
Moscargo,0.1,100.0,0.0,0.0,0.0,100.0,19.8,hot,
Mouyssagues,0.1,100.0,0.0,20.5,79.5,0.0,17.01,warm,
Jaoumet,0.1,100.0,0.0,0.0,100.0,0.0,18.9,warm,
Muscatin,0.1,100.0,100.0,0.0,0.0,0.0,9.0,cool,
Lusitano,0.1,100.0,0.0,0.0,0.0,100.0,19.8,hot,
Sremska Zelenika,0.1,100.0,0.0,100.0,0.0,0.0,16.0,temperate,
Blattner Cal 1-15,0.1,100.0,100.0,0.0,0.0,0.0,10.67,cool,
VB Cal 1-14,0.1,100.0,100.0,0.0,0.0,0.0,14.07,cool,
Almafra,0.1,100.0,0.0,0.0,0.0,100.0,19.8,hot,
Melhorio,0.1,100.0,0.0,0.0,100.0,0.0,17.4,warm,
Bousquet Precoce,0.1,100.0,0.0,0.0,100.0,0.0,17.4,warm,
Kurucvér,0.1,100.0,0.0,100.0,0.0,0.0,16.9,temperate,
Elmer Swenson 10- 18- 30,0.1,100.0,100.0,0.0,0.0,0.0,13.9,cool,
Noir Fleurien,0.1,100.0,0.0,100.0,0.0,0.0,15.5,temperate,
Branco Valente,0.1,100.0,0.0,0.0,40.5,59.5,18.83,warm,
Cruciulita,0.1,100.0,0.0,0.0,100.0,0.0,17.7,warm,
Castalia,0.1,100.0,0.0,0.0,0.0,100.0,19.8,hot,
Gosen,0.1,100.0,0.0,0.0,0.0,100.0,20.7,hot,
Carla,0.1,100.0,0.0,0.0,100.0,0.0,18.9,warm,
Tedi's Best,0.1,100.0,100.0,0.0,0.0,0.0,14.6,cool,
Summerland,0.1,100.0,100.0,0.0,0.0,0.0,13.3,cool,
Esganinho,0.1,100.0,0.0,0.0,0.0,100.0,19.8,hot,
Terras 20,0.1,100.0,0.0,100.0,0.0,0.0,16.9,temperate,
ES 10-18-14,0.1,100.0,100.0,0.0,0.0,0.0,13.9,cool,
Saint-Cliche,0.1,100.0,100.0,0.0,0.0,0.0,13.9,cool,
Sanforte,0.1,100.0,0.0,0.0,0.0,100.0,20.19,hot,
DU 31120,0.1,100.0,100.0,0.0,0.0,0.0,9.0,cool,
Alvarelhao Ceitao,0.0,100.0,0.0,0.0,0.0,100.0,19.8,hot,
Pascal Blanc,0.0,100.0,0.0,0.0,0.0,100.0,19.3,hot,
Jeroma,0.0,100.0,0.0,0.0,0.0,100.0,19.9,hot,
Arrouya,0.0,100.0,0.0,100.0,0.0,0.0,16.9,temperate,
Naparo,0.0,100.0,0.0,0.0,0.0,100.0,22.1,hot,
Somszoekoe Kék,0.0,100.0,0.0,100.0,0.0,0.0,16.8,temperate,
Sugrafive,0.0,100.0,0.0,0.0,0.0,100.0,22.1,hot,
Clara,0.0,100.0,0.0,0.0,0.0,100.0,19.6,hot,
VB Cal 1-29,0.0,100.0,100.0,0.0,0.0,0.0,13.6,cool,
VB Jura 25,0.0,100.0,100.0,0.0,0.0,0.0,9.0,cool,
VB Cal 1-33,0.0,100.0,100.0,0.0,0.0,0.0,13.6,cool,
Moscatel Lilaz,0.0,100.0,0.0,0.0,100.0,0.0,17.4,warm,
Gaillard,0.0,100.0,100.0,0.0,0.0,0.0,14.9,cool,
Hajnalka,0.0,100.0,0.0,100.0,0.0,0.0,16.8,temperate,
Gänsfüsser,0.0,100.0,0.0,100.0,0.0,0.0,15.9,temperate,
Petite Amie,0.0,100.0,0.0,0.0,100.0,0.0,18.3,warm,
Magliasina,0.0,100.0,100.0,0.0,0.0,0.0,11.71,cool,
MRAC 40,0.0,100.0,0.0,100.0,0.0,0.0,15.4,temperate,
MRAC 1626,0.0,100.0,0.0,100.0,0.0,0.0,15.4,temperate,
Castets,0.0,100.0,0.0,100.0,0.0,0.0,15.5,temperate,
Sulima,0.0,100.0,0.0,99.0,1.0,0.0,16.9,temperate,
De Cilindro,0.0,100.0,0.0,0.0,0.0,100.0,19.6,hot,
IRAC 1933,0.0,100.0,27.5,72.5,0.0,0.0,13.64,cool,
Imperial Napoleon,0.0,100.0,0.0,0.0,0.0,100.0,19.6,hot,
Chasselas Sabor,0.0,100.0,0.0,0.0,59.2,40.8,18.38,warm,
Teoulier Noir,0.0,100.0,0.0,0.0,0.0,100.0,19.3,hot,
Satin Noir,0.0,100.0,100.0,0.0,0.0,0.0,9.0,cool,
Poulsard Blanc,0.0,100.0,0.0,100.0,0.0,0.0,15.9,temperate,
Grachen,0.0,100.0,0.0,0.0,0.0,100.0,20.5,hot,
Esther,0.0,100.0,100.0,0.0,0.0,0.0,9.0,cool,
Esganacao Preto,0.0,100.0,0.0,0.0,100.0,0.0,17.4,warm,
Lilla,0.0,100.0,100.0,0.0,0.0,0.0,9.0,cool,
Tinta Malandra,0.0,100.0,0.0,0.0,100.0,0.0,17.4,warm,
Tinta Aurelio,0.0,100.0,0.0,0.0,0.0,100.0,19.8,hot,
Tihanyi Kék,0.0,100.0,0.0,100.0,0.0,0.0,16.8,temperate,
Ontario,0.0,100.0,100.0,0.0,0.0,0.0,14.6,cool,
Orpicchio,0.0,100.0,0.0,0.0,6.4,93.6,19.0,warm,
Enfarine Noir,0.0,100.0,0.0,100.0,0.0,0.0,15.74,temperate,
Olivette de Laconnex,0.0,100.0,0.0,100.0,0.0,0.0,15.4,temperate,
Fepiro,0.0,100.0,0.0,0.0,0.0,100.0,19.8,hot,
Burdin,0.0,100.0,0.0,100.0,0.0,0.0,15.58,temperate,
Buffalo,0.0,100.0,100.0,0.0,0.0,0.0,14.6,cool,
Uva del Fantini,0.0,100.0,0.0,0.0,0.0,100.0,20.7,hot,
Xara,0.0,100.0,0.0,0.0,100.0,0.0,17.4,warm,
Agasfark,0.0,100.0,0.0,100.0,0.0,0.0,16.8,temperate,
